ID,BIO1,BIO2,BIO3,BIO4,BIO5,BIO6,BIO7,BIO8,BIO9,BIO10,BIO11,BIO12,BIO13,BIO14,BIO15,BIO16,BIO17,BIO18,BIO19
AA02_3_S35001_AA02_3_S35001,-1.570270103,0.08569083,0.751325124,-1.22386961,-1.751656135,-0.252584976,-0.833228602,-1.852532951,-0.420487895,-1.852532951,-0.420487895,0.228514338,-1.686746273,0.726284897,-1.331789249,-1.836577217,1.412268659,-1.836577217,1.412268659
AA03_3_S165001_AA03_3_S165001,-1.570270103,0.08569083,0.751325124,-1.22386961,-1.751656135,-0.252584976,-0.833228602,-1.852532951,-0.420487895,-1.852532951,-0.420487895,0.228514338,-1.686746273,0.726284897,-1.331789249,-1.836577217,1.412268659,-1.836577217,1.412268659
AA03_3_S47001_AA03_3_S47001,-1.570270103,0.08569083,0.751325124,-1.22386961,-1.751656135,-0.252584976,-0.833228602,-1.852532951,-0.420487895,-1.852532951,-0.420487895,0.228514338,-1.686746273,0.726284897,-1.331789249,-1.836577217,1.412268659,-1.836577217,1.412268659
AA05_3_S59001_AA05_3_S59001,-1.570270103,0.08569083,0.751325124,-1.22386961,-1.751656135,-0.252584976,-0.833228602,-1.852532951,-0.420487895,-1.852532951,-0.420487895,0.228514338,-1.686746273,0.726284897,-1.331789249,-1.836577217,1.412268659,-1.836577217,1.412268659
AA06_3_S71001_AA06_3_S71001,-1.570270103,0.08569083,0.751325124,-1.22386961,-1.751656135,-0.252584976,-0.833228602,-1.852532951,-0.420487895,-1.852532951,-0.420487895,0.228514338,-1.686746273,0.726284897,-1.331789249,-1.836577217,1.412268659,-1.836577217,1.412268659
AA07_4_S82001_AA07_4_S82001,-1.570270103,0.08569083,0.751325124,-1.22386961,-1.751656135,-0.252584976,-0.833228602,-1.852532951,-0.420487895,-1.852532951,-0.420487895,0.228514338,-1.686746273,0.726284897,-1.331789249,-1.836577217,1.412268659,-1.836577217,1.412268659
AA08_4_S94001_AA08_4_S94001,-1.570270103,0.08569083,0.751325124,-1.22386961,-1.751656135,-0.252584976,-0.833228602,-1.852532951,-0.420487895,-1.852532951,-0.420487895,0.228514338,-1.686746273,0.726284897,-1.331789249,-1.836577217,1.412268659,-1.836577217,1.412268659
AA09_3_S83001_AA09_3_S83001,-1.570270103,0.08569083,0.751325124,-1.22386961,-1.751656135,-0.252584976,-0.833228602,-1.852532951,-0.420487895,-1.852532951,-0.420487895,0.228514338,-1.686746273,0.726284897,-1.331789249,-1.836577217,1.412268659,-1.836577217,1.412268659
AA10_3_S116001_AA10_3_S116001,-1.570270103,0.08569083,0.751325124,-1.22386961,-1.751656135,-0.252584976,-0.833228602,-1.852532951,-0.420487895,-1.852532951,-0.420487895,0.228514338,-1.686746273,0.726284897,-1.331789249,-1.836577217,1.412268659,-1.836577217,1.412268659
AA12_3_S128001_AA12_3_S128001,-1.570270103,0.08569083,0.751325124,-1.22386961,-1.751656135,-0.252584976,-0.833228602,-1.852532951,-0.420487895,-1.852532951,-0.420487895,0.228514338,-1.686746273,0.726284897,-1.331789249,-1.836577217,1.412268659,-1.836577217,1.412268659
AA14_3_S139001_AA14_3_S139001,-1.570270103,0.08569083,0.751325124,-1.22386961,-1.751656135,-0.252584976,-0.833228602,-1.852532951,-0.420487895,-1.852532951,-0.420487895,0.228514338,-1.686746273,0.726284897,-1.331789249,-1.836577217,1.412268659,-1.836577217,1.412268659
AA17_4_S162001_AA17_4_S162001,-1.570270103,0.08569083,0.751325124,-1.22386961,-1.751656135,-0.252584976,-0.833228602,-1.852532951,-0.420487895,-1.852532951,-0.420487895,0.228514338,-1.686746273,0.726284897,-1.331789249,-1.836577217,1.412268659,-1.836577217,1.412268659
AA18_4_S95001_AA18_4_S95001,-1.570270103,0.08569083,0.751325124,-1.22386961,-1.751656135,-0.252584976,-0.833228602,-1.852532951,-0.420487895,-1.852532951,-0.420487895,0.228514338,-1.686746273,0.726284897,-1.331789249,-1.836577217,1.412268659,-1.836577217,1.412268659
BS02_4_S169001_BS02_4_S169001,0.673360733,1.084536231,1.012868523,0.514960548,1.280377678,-0.091914363,0.824727031,0.751800003,0.183877153,0.751800003,0.183877153,0.422676848,0.705366623,-0.35276695,-0.021165498,0.54016977,0.014660228,0.54016977,0.014660228
BS04_3_S180001_BS04_3_S180001,0.673360733,1.084536231,1.012868523,0.514960548,1.280377678,-0.091914363,0.824727031,0.751800003,0.183877153,0.751800003,0.183877153,0.422676848,0.705366623,-0.35276695,-0.021165498,0.54016977,0.014660228,0.54016977,0.014660228
BS05_3_S101001_BS05_3_S101001,0.673360733,1.084536231,1.012868523,0.514960548,1.280377678,-0.091914363,0.824727031,0.751800003,0.183877153,0.751800003,0.183877153,0.422676848,0.705366623,-0.35276695,-0.021165498,0.54016977,0.014660228,0.54016977,0.014660228
BS06_3_S113001_BS06_3_S113001,0.673360733,1.084536231,1.012868523,0.514960548,1.280377678,-0.091914363,0.824727031,0.751800003,0.183877153,0.751800003,0.183877153,0.422676848,0.705366623,-0.35276695,-0.021165498,0.54016977,0.014660228,0.54016977,0.014660228
BS07_4_S125001_BS07_4_S125001,0.673360733,1.084536231,1.012868523,0.514960548,1.280377678,-0.091914363,0.824727031,0.751800003,0.183877153,0.751800003,0.183877153,0.422676848,0.705366623,-0.35276695,-0.021165498,0.54016977,0.014660228,0.54016977,0.014660228
BS08_4_S136001_BS08_4_S136001,0.673360733,1.084536231,1.012868523,0.514960548,1.280377678,-0.091914363,0.824727031,0.751800003,0.183877153,0.751800003,0.183877153,0.422676848,0.705366623,-0.35276695,-0.021165498,0.54016977,0.014660228,0.54016977,0.014660228
BS09_3_S148001_BS09_3_S148001,0.673360733,1.084536231,1.012868523,0.514960548,1.280377678,-0.091914363,0.824727031,0.751800003,0.183877153,0.751800003,0.183877153,0.422676848,0.705366623,-0.35276695,-0.021165498,0.54016977,0.014660228,0.54016977,0.014660228
BS10_4_S159001_BS10_4_S159001,0.673360733,1.084536231,1.012868523,0.514960548,1.280377678,-0.091914363,0.824727031,0.751800003,0.183877153,0.751800003,0.183877153,0.422676848,0.705366623,-0.35276695,-0.021165498,0.54016977,0.014660228,0.54016977,0.014660228
BS11_4_S170001_BS11_4_S170001,0.673360733,1.084536231,1.012868523,0.514960548,1.280377678,-0.091914363,0.824727031,0.751800003,0.183877153,0.751800003,0.183877153,0.422676848,0.705366623,-0.35276695,-0.021165498,0.54016977,0.014660228,0.54016977,0.014660228
BS14_4_S412001_BS14_4_S412001,0.673360733,1.084536231,1.012868523,0.514960548,1.280377678,-0.091914363,0.824727031,0.751800003,0.183877153,0.751800003,0.183877153,0.422676848,0.705366623,-0.35276695,-0.021165498,0.54016977,0.014660228,0.54016977,0.014660228
BS15_4_S102001_BS15_4_S102001,0.673360733,1.084536231,1.012868523,0.514960548,1.280377678,-0.091914363,0.824727031,0.751800003,0.183877153,0.751800003,0.183877153,0.422676848,0.705366623,-0.35276695,-0.021165498,0.54016977,0.014660228,0.54016977,0.014660228
CC01_3_S182001_CC01_3_S182001,-0.485421255,0.471670205,0.459250205,0.309448784,0.093312253,-0.383399584,0.353891712,-0.271319234,-0.606285776,-0.271319234,-0.606285776,0.811001867,0.17378598,0.186758974,-0.036437495,0.972305585,0.14171554,0.972305585,0.14171554
CC02_4_S183001_CC02_4_S183001,-0.485421255,0.471670205,0.459250205,0.309448784,0.093312253,-0.383399584,0.353891712,-0.271319234,-0.606285776,-0.271319234,-0.606285776,0.811001867,0.17378598,0.186758974,-0.036437495,0.972305585,0.14171554,0.972305585,0.14171554
CC03_3_S195001_CC03_3_S195001,-0.485421255,0.471670205,0.459250205,0.309448784,0.093312253,-0.383399584,0.353891712,-0.271319234,-0.606285776,-0.271319234,-0.606285776,0.811001867,0.17378598,0.186758974,-0.036437495,0.972305585,0.14171554,0.972305585,0.14171554
CC04_4_S207001_CC04_4_S207001,-0.485421255,0.471670205,0.459250205,0.309448784,0.093312253,-0.383399584,0.353891712,-0.271319234,-0.606285776,-0.271319234,-0.606285776,0.811001867,0.17378598,0.186758974,-0.036437495,0.972305585,0.14171554,0.972305585,0.14171554
CC07_3_S218001_CC07_3_S218001,-0.485421255,0.471670205,0.459250205,0.309448784,0.093312253,-0.383399584,0.353891712,-0.271319234,-0.606285776,-0.271319234,-0.606285776,0.811001867,0.17378598,0.186758974,-0.036437495,0.972305585,0.14171554,0.972305585,0.14171554
CC09_4_S229001_CC09_4_S229001,-0.485421255,0.471670205,0.459250205,0.309448784,0.093312253,-0.383399584,0.353891712,-0.271319234,-0.606285776,-0.271319234,-0.606285776,0.811001867,0.17378598,0.186758974,-0.036437495,0.972305585,0.14171554,0.972305585,0.14171554
CC11_3_S240001_CC11_3_S240001,-0.485421255,0.471670205,0.459250205,0.309448784,0.093312253,-0.383399584,0.353891712,-0.271319234,-0.606285776,-0.271319234,-0.606285776,0.811001867,0.17378598,0.186758974,-0.036437495,0.972305585,0.14171554,0.972305585,0.14171554
CC12_4_S251001_CC12_4_S251001,-0.485421255,0.471670205,0.459250205,0.309448784,0.093312253,-0.383399584,0.353891712,-0.271319234,-0.606285776,-0.271319234,-0.606285776,0.811001867,0.17378598,0.186758974,-0.036437495,0.972305585,0.14171554,0.972305585,0.14171554
CC14_4_S261001_CC14_4_S261001,-0.485421255,0.471670205,0.459250205,0.309448784,0.093312253,-0.383399584,0.353891712,-0.271319234,-0.606285776,-0.271319234,-0.606285776,0.811001867,0.17378598,0.186758974,-0.036437495,0.972305585,0.14171554,0.972305585,0.14171554
CC15_4_S184001_CC15_4_S184001,-0.485421255,0.471670205,0.459250205,0.309448784,0.093312253,-0.383399584,0.353891712,-0.271319234,-0.606285776,-0.271319234,-0.606285776,0.811001867,0.17378598,0.186758974,-0.036437495,0.972305585,0.14171554,0.972305585,0.14171554
CC16_3_S196001_CC16_3_S196001,-0.485421255,0.471670205,0.459250205,0.309448784,0.093312253,-0.383399584,0.353891712,-0.271319234,-0.606285776,-0.271319234,-0.606285776,0.811001867,0.17378598,0.186758974,-0.036437495,0.972305585,0.14171554,0.972305585,0.14171554
CC17_4_S208001_CC17_4_S208001,-0.485421255,0.471670205,0.459250205,0.309448784,0.093312253,-0.383399584,0.353891712,-0.271319234,-0.606285776,-0.271319234,-0.606285776,0.811001867,0.17378598,0.186758974,-0.036437495,0.972305585,0.14171554,0.972305585,0.14171554
CS02_4_S344001_CS02_4_S344001,1.711566139,0.575393608,0.500660876,0.423500649,1.487690059,0.469862509,0.508524307,1.558357149,1.031310046,1.558357149,1.031310046,0.888666871,0.439576301,1.265810821,-0.573572786,0.324101862,1.031102723,0.324101862,1.031102723
CS03_4_S356001_CS03_4_S356001,1.711566139,0.575393608,0.500660876,0.423500649,1.487690059,0.469862509,0.508524307,1.558357149,1.031310046,1.558357149,1.031310046,0.888666871,0.439576301,1.265810821,-0.573572786,0.324101862,1.031102723,0.324101862,1.031102723
CS04_3_S277001_CS04_3_S277001,1.711566139,0.575393608,0.500660876,0.423500649,1.487690059,0.469862509,0.508524307,1.558357149,1.031310046,1.558357149,1.031310046,0.888666871,0.439576301,1.265810821,-0.573572786,0.324101862,1.031102723,0.324101862,1.031102723
CS05_3_S287001_CS05_3_S287001,1.711566139,0.575393608,0.500660876,0.423500649,1.487690059,0.469862509,0.508524307,1.558357149,1.031310046,1.558357149,1.031310046,0.888666871,0.439576301,1.265810821,-0.573572786,0.324101862,1.031102723,0.324101862,1.031102723
CS06_3_S298001_CS06_3_S298001,1.711566139,0.575393608,0.500660876,0.423500649,1.487690059,0.469862509,0.508524307,1.558357149,1.031310046,1.558357149,1.031310046,0.888666871,0.439576301,1.265810821,-0.573572786,0.324101862,1.031102723,0.324101862,1.031102723
CS07_3_S310001_CS07_3_S310001,1.711566139,0.575393608,0.500660876,0.423500649,1.487690059,0.469862509,0.508524307,1.558357149,1.031310046,1.558357149,1.031310046,0.888666871,0.439576301,1.265810821,-0.573572786,0.324101862,1.031102723,0.324101862,1.031102723
CS08_3_S322001_CS08_3_S322001,1.711566139,0.575393608,0.500660876,0.423500649,1.487690059,0.469862509,0.508524307,1.558357149,1.031310046,1.558357149,1.031310046,0.888666871,0.439576301,1.265810821,-0.573572786,0.324101862,1.031102723,0.324101862,1.031102723
CS09_3_S334001_CS09_3_S334001,1.711566139,0.575393608,0.500660876,0.423500649,1.487690059,0.469862509,0.508524307,1.558357149,1.031310046,1.558357149,1.031310046,0.888666871,0.439576301,1.265810821,-0.573572786,0.324101862,1.031102723,0.324101862,1.031102723
CS10_4_S345001_CS10_4_S345001,1.711566139,0.575393608,0.500660876,0.423500649,1.487690059,0.469862509,0.508524307,1.558357149,1.031310046,1.558357149,1.031310046,0.888666871,0.439576301,1.265810821,-0.573572786,0.324101862,1.031102723,0.324101862,1.031102723
CS11_4_S357001_CS11_4_S357001,1.711566139,0.575393608,0.500660876,0.423500649,1.487690059,0.469862509,0.508524307,1.558357149,1.031310046,1.558357149,1.031310046,0.888666871,0.439576301,1.265810821,-0.573572786,0.324101862,1.031102723,0.324101862,1.031102723
CS12_3_S278001_CS12_3_S278001,1.711566139,0.575393608,0.500660876,0.423500649,1.487690059,0.469862509,0.508524307,1.558357149,1.031310046,1.558357149,1.031310046,0.888666871,0.439576301,1.265810821,-0.573572786,0.324101862,1.031102723,0.324101862,1.031102723
EE01_4_S263001_EE01_4_S263001,-0.830873364,-0.440207611,0.256527377,-1.484105357,-1.594205707,0.398300912,-1.248251785,-1.454214846,0.255932822,-1.454214846,0.255932822,-0.004480673,-1.952536595,0.726284897,-1.305141742,-1.944611171,1.158158035,-1.944611171,1.158158035
EE02_4_S186001_EE02_4_S186001,-0.830873364,-0.440207611,0.256527377,-1.484105357,-1.594205707,0.398300912,-1.248251785,-1.454214846,0.255932822,-1.454214846,0.255932822,-0.004480673,-1.952536595,0.726284897,-1.305141742,-1.944611171,1.158158035,-1.944611171,1.158158035
EE03_4_S198001_EE03_4_S198001,-0.830873364,-0.440207611,0.256527377,-1.484105357,-1.594205707,0.398300912,-1.248251785,-1.454214846,0.255932822,-1.454214846,0.255932822,-0.004480673,-1.952536595,0.726284897,-1.305141742,-1.944611171,1.158158035,-1.944611171,1.158158035
EE04_4_S210001_EE04_4_S210001,-0.830873364,-0.440207611,0.256527377,-1.484105357,-1.594205707,0.398300912,-1.248251785,-1.454214846,0.255932822,-1.454214846,0.255932822,-0.004480673,-1.952536595,0.726284897,-1.305141742,-1.944611171,1.158158035,-1.944611171,1.158158035
EE05_4_S221001_EE05_4_S221001,-0.830873364,-0.440207611,0.256527377,-1.484105357,-1.594205707,0.398300912,-1.248251785,-1.454214846,0.255932822,-1.454214846,0.255932822,-0.004480673,-1.952536595,0.726284897,-1.305141742,-1.944611171,1.158158035,-1.944611171,1.158158035
EE06_4_S232001_EE06_4_S232001,-0.830873364,-0.440207611,0.256527377,-1.484105357,-1.594205707,0.398300912,-1.248251785,-1.454214846,0.255932822,-1.454214846,0.255932822,-0.004480673,-1.952536595,0.726284897,-1.305141742,-1.944611171,1.158158035,-1.944611171,1.158158035
EE11_3_S59001_EE11_3_S59001,-0.830873364,-0.440207611,0.256527377,-1.484105357,-1.594205707,0.398300912,-1.248251785,-1.454214846,0.255932822,-1.454214846,0.255932822,-0.004480673,-1.952536595,0.726284897,-1.305141742,-1.944611171,1.158158035,-1.944611171,1.158158035
EE15_3_S264001_EE15_3_S264001,-0.830873364,-0.440207611,0.256527377,-1.484105357,-1.594205707,0.398300912,-1.248251785,-1.454214846,0.255932822,-1.454214846,0.255932822,-0.004480673,-1.952536595,0.726284897,-1.305141742,-1.944611171,1.158158035,-1.944611171,1.158158035
EE16_3_S187001_EE16_3_S187001,-0.830873364,-0.440207611,0.256527377,-1.484105357,-1.594205707,0.398300912,-1.248251785,-1.454214846,0.255932822,-1.454214846,0.255932822,-0.004480673,-1.952536595,0.726284897,-1.305141742,-1.944611171,1.158158035,-1.944611171,1.158158035
EE18_4_S199001_EE18_4_S199001,-0.830873364,-0.440207611,0.256527377,-1.484105357,-1.594205707,0.398300912,-1.248251785,-1.454214846,0.255932822,-1.454214846,0.255932822,-0.004480673,-1.952536595,0.726284897,-1.305141742,-1.944611171,1.158158035,-1.944611171,1.158158035
ET01_3_S164001_ET01_3_S164001,1.142003246,-2.171790456,-2.336732341,-0.783410776,0.128065298,1.840914648,-1.360404898,0.871290422,1.623398686,0.871290422,1.623398686,0.228514338,-0.623584986,0.186758974,-0.282596416,-0.432135816,0.014660228,-0.432135816,0.014660228
ET02_3_S174001_ET02_3_S174001,1.142003246,-2.171790456,-2.336732341,-0.783410776,0.128065298,1.840914648,-1.360404898,0.871290422,1.623398686,0.871290422,1.623398686,0.228514338,-0.623584986,0.186758974,-0.282596416,-0.432135816,0.014660228,-0.432135816,0.014660228
ET03_3_S107001_ET03_3_S107001,1.142003246,-2.171790456,-2.336732341,-0.783410776,0.128065298,1.840914648,-1.360404898,0.871290422,1.623398686,0.871290422,1.623398686,0.228514338,-0.623584986,0.186758974,-0.282596416,-0.432135816,0.014660228,-0.432135816,0.014660228
ET04_3_S119001_ET04_3_S119001,1.142003246,-2.171790456,-2.336732341,-0.783410776,0.128065298,1.840914648,-1.360404898,0.871290422,1.623398686,0.871290422,1.623398686,0.228514338,-0.623584986,0.186758974,-0.282596416,-0.432135816,0.014660228,-0.432135816,0.014660228
ET05_3_S131001_ET05_3_S131001,1.142003246,-2.171790456,-2.336732341,-0.783410776,0.128065298,1.840914648,-1.360404898,0.871290422,1.623398686,0.871290422,1.623398686,0.228514338,-0.623584986,0.186758974,-0.282596416,-0.432135816,0.014660228,-0.432135816,0.014660228
ET06_4_S142001_ET06_4_S142001,1.142003246,-2.171790456,-2.336732341,-0.783410776,0.128065298,1.840914648,-1.360404898,0.871290422,1.623398686,0.871290422,1.623398686,0.228514338,-0.623584986,0.186758974,-0.282596416,-0.432135816,0.014660228,-0.432135816,0.014660228
ET09_3_S165001_ET09_3_S165001,1.142003246,-2.171790456,-2.336732341,-0.783410776,0.128065298,1.840914648,-1.360404898,0.871290422,1.623398686,0.871290422,1.623398686,0.228514338,-0.623584986,0.186758974,-0.282596416,-0.432135816,0.014660228,-0.432135816,0.014660228
ET14_4_S175001_ET14_4_S175001,1.142003246,-2.171790456,-2.336732341,-0.783410776,0.128065298,1.840914648,-1.360404898,0.871290422,1.623398686,0.871290422,1.623398686,0.228514338,-0.623584986,0.186758974,-0.282596416,-0.432135816,0.014660228,-0.432135816,0.014660228
ET15_4_S97001_ET15_4_S97001,1.142003246,-2.171790456,-2.336732341,-0.783410776,0.128065298,1.840914648,-1.360404898,0.871290422,1.623398686,0.871290422,1.623398686,0.228514338,-0.623584986,0.186758974,-0.282596416,-0.432135816,0.014660228,-0.432135816,0.014660228
ET18_3_S108001_ET18_3_S108001,1.142003246,-2.171790456,-2.336732341,-0.783410776,0.128065298,1.840914648,-1.360404898,0.871290422,1.623398686,0.871290422,1.623398686,0.228514338,-0.623584986,0.186758974,-0.282596416,-0.432135816,0.014660228,-0.432135816,0.014660228
EV01_3_S219001_EV01_3_S219001,-1.352965323,0.676808586,0.060795165,1.434654234,-0.18381055,-1.870909498,1.351013762,-0.440303959,-1.963183108,-0.440303959,-1.963183108,-2.373263291,0.17378598,-1.431818797,1.84325478,0,-1.764114138,0,-1.764114138
EV02_3_S230001_EV02_3_S230001,-1.352965323,0.676808586,0.060795165,1.434654234,-0.18381055,-1.870909498,1.351013762,-0.440303959,-1.963183108,-0.440303959,-1.963183108,-2.373263291,0.17378598,-1.431818797,1.84325478,0,-1.764114138,0,-1.764114138
EV03_3_S241001_EV03_3_S241001,-1.352965323,0.676808586,0.060795165,1.434654234,-0.18381055,-1.870909498,1.351013762,-0.440303959,-1.963183108,-0.440303959,-1.963183108,-2.373263291,0.17378598,-1.431818797,1.84325478,0,-1.764114138,0,-1.764114138
EV04_4_S252001_EV04_4_S252001,-1.352965323,0.676808586,0.060795165,1.434654234,-0.18381055,-1.870909498,1.351013762,-0.440303959,-1.963183108,-0.440303959,-1.963183108,-2.373263291,0.17378598,-1.431818797,1.84325478,0,-1.764114138,0,-1.764114138
EV05_4_S262001_EV05_4_S262001,-1.352965323,0.676808586,0.060795165,1.434654234,-0.18381055,-1.870909498,1.351013762,-0.440303959,-1.963183108,-0.440303959,-1.963183108,-2.373263291,0.17378598,-1.431818797,1.84325478,0,-1.764114138,0,-1.764114138
EV06_3_S141001_EV06_3_S141001,-1.352965323,0.676808586,0.060795165,1.434654234,-0.18381055,-1.870909498,1.351013762,-0.440303959,-1.963183108,-0.440303959,-1.963183108,-2.373263291,0.17378598,-1.431818797,1.84325478,0,-1.764114138,0,-1.764114138
EV06_3_S185001_EV06_3_S185001,-1.352965323,0.676808586,0.060795165,1.434654234,-0.18381055,-1.870909498,1.351013762,-0.440303959,-1.963183108,-0.440303959,-1.963183108,-2.373263291,0.17378598,-1.431818797,1.84325478,0,-1.764114138,0,-1.764114138
EV07_3_S197001_EV07_3_S197001,-1.352965323,0.676808586,0.060795165,1.434654234,-0.18381055,-1.870909498,1.351013762,-0.440303959,-1.963183108,-0.440303959,-1.963183108,-2.373263291,0.17378598,-1.431818797,1.84325478,0,-1.764114138,0,-1.764114138
EV08_3_S209001_EV08_3_S209001,-1.352965323,0.676808586,0.060795165,1.434654234,-0.18381055,-1.870909498,1.351013762,-0.440303959,-1.963183108,-0.440303959,-1.963183108,-2.373263291,0.17378598,-1.431818797,1.84325478,0,-1.764114138,0,-1.764114138
EV09_3_S220001_EV09_3_S220001,-1.352965323,0.676808586,0.060795165,1.434654234,-0.18381055,-1.870909498,1.351013762,-0.440303959,-1.963183108,-0.440303959,-1.963183108,-2.373263291,0.17378598,-1.431818797,1.84325478,0,-1.764114138,0,-1.764114138
EV15_4_S231001_EV15_4_S231001,-1.352965323,0.676808586,0.060795165,1.434654234,-0.18381055,-1.870909498,1.351013762,-0.440303959,-1.963183108,-0.440303959,-1.963183108,-2.373263291,0.17378598,-1.431818797,1.84325478,0,-1.764114138,0,-1.764114138
EV16_4_S242001_EV16_4_S242001,-1.352965323,0.676808586,0.060795165,1.434654234,-0.18381055,-1.870909498,1.351013762,-0.440303959,-1.963183108,-0.440303959,-1.963183108,-2.373263291,0.17378598,-1.431818797,1.84325478,0,-1.764114138,0,-1.764114138
EV17_4_S253001_EV17_4_S253001,-1.352965323,0.676808586,0.060795165,1.434654234,-0.18381055,-1.870909498,1.351013762,-0.440303959,-1.963183108,-0.440303959,-1.963183108,-2.373263291,0.17378598,-1.431818797,1.84325478,0,-1.764114138,0,-1.764114138
FF01_4_S111001_FF01_4_S111001,0.414020269,0.89394979,1.175730898,-0.225517166,0.48073959,0.079922488,0.22041072,0.169861654,0.397536095,0.169861654,0.397536095,1.005164377,0.439576301,0.726284897,-0.471935343,0.324101862,0.649936788,0.324101862,0.649936788
FF02_4_S123001_FF02_4_S123001,0.414020269,0.89394979,1.175730898,-0.225517166,0.48073959,0.079922488,0.22041072,0.169861654,0.397536095,0.169861654,0.397536095,1.005164377,0.439576301,0.726284897,-0.471935343,0.324101862,0.649936788,0.324101862,0.649936788
FF02_4_S153001_FF02_4_S153001,0.414020269,0.89394979,1.175730898,-0.225517166,0.48073959,0.079922488,0.22041072,0.169861654,0.397536095,0.169861654,0.397536095,1.005164377,0.439576301,0.726284897,-0.471935343,0.324101862,0.649936788,0.324101862,0.649936788
FF03_4_S134001_FF03_4_S134001,0.414020269,0.89394979,1.175730898,-0.225517166,0.48073959,0.079922488,0.22041072,0.169861654,0.397536095,0.169861654,0.397536095,1.005164377,0.439576301,0.726284897,-0.471935343,0.324101862,0.649936788,0.324101862,0.649936788
FF05_3_S146001_FF05_3_S146001,0.414020269,0.89394979,1.175730898,-0.225517166,0.48073959,0.079922488,0.22041072,0.169861654,0.397536095,0.169861654,0.397536095,1.005164377,0.439576301,0.726284897,-0.471935343,0.324101862,0.649936788,0.324101862,0.649936788
FF06_4_S168001_FF06_4_S168001,0.414020269,0.89394979,1.175730898,-0.225517166,0.48073959,0.079922488,0.22041072,0.169861654,0.397536095,0.169861654,0.397536095,1.005164377,0.439576301,0.726284897,-0.471935343,0.324101862,0.649936788,0.324101862,0.649936788
FF07_4_S179001_FF07_4_S179001,0.414020269,0.89394979,1.175730898,-0.225517166,0.48073959,0.079922488,0.22041072,0.169861654,0.397536095,0.169861654,0.397536095,1.005164377,0.439576301,0.726284897,-0.471935343,0.324101862,0.649936788,0.324101862,0.649936788
FF09_4_S112001_FF09_4_S112001,0.414020269,0.89394979,1.175730898,-0.225517166,0.48073959,0.079922488,0.22041072,0.169861654,0.397536095,0.169861654,0.397536095,1.005164377,0.439576301,0.726284897,-0.471935343,0.324101862,0.649936788,0.324101862,0.649936788
FF11_3_S124001_FF11_3_S124001,0.414020269,0.89394979,1.175730898,-0.225517166,0.48073959,0.079922488,0.22041072,0.169861654,0.397536095,0.169861654,0.397536095,1.005164377,0.439576301,0.726284897,-0.471935343,0.324101862,0.649936788,0.324101862,0.649936788
FF13_4_S60001_FF13_4_S60001,0.414020269,0.89394979,1.175730898,-0.225517166,0.48073959,0.079922488,0.22041072,0.169861654,0.397536095,0.169861654,0.397536095,1.005164377,0.439576301,0.726284897,-0.471935343,0.324101862,0.649936788,0.324101862,0.649936788
FF14_3_S135001_FF14_3_S135001,0.414020269,0.89394979,1.175730898,-0.225517166,0.48073959,0.079922488,0.22041072,0.169861654,0.397536095,0.169861654,0.397536095,1.005164377,0.439576301,0.726284897,-0.471935343,0.324101862,0.649936788,0.324101862,0.649936788
FF15_3_S147001_FF15_3_S147001,0.414020269,0.89394979,1.175730898,-0.225517166,0.48073959,0.079922488,0.22041072,0.169861654,0.397536095,0.169861654,0.397536095,1.005164377,0.439576301,0.726284897,-0.471935343,0.324101862,0.649936788,0.324101862,0.649936788
GG01_3_S105001_GG01_3_S105001,-1.570270103,0.08569083,0.751325124,-1.22386961,-1.751656135,-0.252584976,-0.833228602,-1.852532951,-0.420487895,-1.852532951,-0.420487895,0.228514338,-1.686746273,0.726284897,-1.331789249,-1.836577217,1.412268659,-1.836577217,1.412268659
GG02_4_S117001_GG02_4_S117001,-1.570270103,0.08569083,0.751325124,-1.22386961,-1.751656135,-0.252584976,-0.833228602,-1.852532951,-0.420487895,-1.852532951,-0.420487895,0.228514338,-1.686746273,0.726284897,-1.331789249,-1.836577217,1.412268659,-1.836577217,1.412268659
GG03_3_S129001_GG03_3_S129001,-1.570270103,0.08569083,0.751325124,-1.22386961,-1.751656135,-0.252584976,-0.833228602,-1.852532951,-0.420487895,-1.852532951,-0.420487895,0.228514338,-1.686746273,0.726284897,-1.331789249,-1.836577217,1.412268659,-1.836577217,1.412268659
GG04_3_S140001_GG04_3_S140001,-1.570270103,0.08569083,0.751325124,-1.22386961,-1.751656135,-0.252584976,-0.833228602,-1.852532951,-0.420487895,-1.852532951,-0.420487895,0.228514338,-1.686746273,0.726284897,-1.331789249,-1.836577217,1.412268659,-1.836577217,1.412268659
GG07_3_S152001_GG07_3_S152001,-1.570270103,0.08569083,0.751325124,-1.22386961,-1.751656135,-0.252584976,-0.833228602,-1.852532951,-0.420487895,-1.852532951,-0.420487895,0.228514338,-1.686746273,0.726284897,-1.331789249,-1.836577217,1.412268659,-1.836577217,1.412268659
GG08_4_S163001_GG08_4_S163001,-1.570270103,0.08569083,0.751325124,-1.22386961,-1.751656135,-0.252584976,-0.833228602,-1.852532951,-0.420487895,-1.852532951,-0.420487895,0.228514338,-1.686746273,0.726284897,-1.331789249,-1.836577217,1.412268659,-1.836577217,1.412268659
GG09_4_S173001_GG09_4_S173001,-1.570270103,0.08569083,0.751325124,-1.22386961,-1.751656135,-0.252584976,-0.833228602,-1.852532951,-0.420487895,-1.852532951,-0.420487895,0.228514338,-1.686746273,0.726284897,-1.331789249,-1.836577217,1.412268659,-1.836577217,1.412268659
GG10_4_S96001_GG10_4_S96001,-1.570270103,0.08569083,0.751325124,-1.22386961,-1.751656135,-0.252584976,-0.833228602,-1.852532951,-0.420487895,-1.852532951,-0.420487895,0.228514338,-1.686746273,0.726284897,-1.331789249,-1.836577217,1.412268659,-1.836577217,1.412268659
GG11_3_S106001_GG11_3_S106001,-1.570270103,0.08569083,0.751325124,-1.22386961,-1.751656135,-0.252584976,-0.833228602,-1.852532951,-0.420487895,-1.852532951,-0.420487895,0.228514338,-1.686746273,0.726284897,-1.331789249,-1.836577217,1.412268659,-1.836577217,1.412268659
GG12_4_S118001_GG12_4_S118001,-1.570270103,0.08569083,0.751325124,-1.22386961,-1.751656135,-0.252584976,-0.833228602,-1.852532951,-0.420487895,-1.852532951,-0.420487895,0.228514338,-1.686746273,0.726284897,-1.331789249,-1.836577217,1.412268659,-1.836577217,1.412268659
GG13_4_S130001_GG13_4_S130001,-1.570270103,0.08569083,0.751325124,-1.22386961,-1.751656135,-0.252584976,-0.833228602,-1.852532951,-0.420487895,-1.852532951,-0.420487895,0.228514338,-1.686746273,0.726284897,-1.331789249,-1.836577217,1.412268659,-1.836577217,1.412268659
GG15_4_S141001_GG15_4_S141001,-1.570270103,0.08569083,0.751325124,-1.22386961,-1.751656135,-0.252584976,-0.833228602,-1.852532951,-0.420487895,-1.852532951,-0.420487895,0.228514338,-1.686746273,0.726284897,-1.331789249,-1.836577217,1.412268659,-1.836577217,1.412268659
GG16_4_S153001_GG16_4_S153001,-1.570270103,0.08569083,0.751325124,-1.22386961,-1.751656135,-0.252584976,-0.833228602,-1.852532951,-0.420487895,-1.852532951,-0.420487895,0.228514338,-1.686746273,0.726284897,-1.331789249,-1.836577217,1.412268659,-1.836577217,1.412268659
GL01_3_S284001_GL01_3_S284001,1.050853685,0.904730939,0.573049933,0.851903532,1.491014808,-0.260332835,1.079959224,1.178071883,0.224922325,1.178071883,0.224922325,0.539174354,0.439576301,0.186758974,-0.274968265,0.324101862,0.14171554,0.324101862,0.14171554
GL02_3_S295001_GL02_3_S295001,1.050853685,0.904730939,0.573049933,0.851903532,1.491014808,-0.260332835,1.079959224,1.178071883,0.224922325,1.178071883,0.224922325,0.539174354,0.439576301,0.186758974,-0.274968265,0.324101862,0.14171554,0.324101862,0.14171554
GL03_3_S306001_GL03_3_S306001,1.050853685,0.904730939,0.573049933,0.851903532,1.491014808,-0.260332835,1.079959224,1.178071883,0.224922325,1.178071883,0.224922325,0.539174354,0.439576301,0.186758974,-0.274968265,0.324101862,0.14171554,0.324101862,0.14171554
GL04_3_S318001_GL04_3_S318001,1.050853685,0.904730939,0.573049933,0.851903532,1.491014808,-0.260332835,1.079959224,1.178071883,0.224922325,1.178071883,0.224922325,0.539174354,0.439576301,0.186758974,-0.274968265,0.324101862,0.14171554,0.324101862,0.14171554
GL05_3_S330001_GL05_3_S330001,1.050853685,0.904730939,0.573049933,0.851903532,1.491014808,-0.260332835,1.079959224,1.178071883,0.224922325,1.178071883,0.224922325,0.539174354,0.439576301,0.186758974,-0.274968265,0.324101862,0.14171554,0.324101862,0.14171554
GL07_3_S342001_GL07_3_S342001,1.050853685,0.904730939,0.573049933,0.851903532,1.491014808,-0.260332835,1.079959224,1.178071883,0.224922325,1.178071883,0.224922325,0.539174354,0.439576301,0.186758974,-0.274968265,0.324101862,0.14171554,0.324101862,0.14171554
GL09_3_S353001_GL09_3_S353001,1.050853685,0.904730939,0.573049933,0.851903532,1.491014808,-0.260332835,1.079959224,1.178071883,0.224922325,1.178071883,0.224922325,0.539174354,0.439576301,0.186758974,-0.274968265,0.324101862,0.14171554,0.324101862,0.14171554
GL11_3_S275001_GL11_3_S275001,1.050853685,0.904730939,0.573049933,0.851903532,1.491014808,-0.260332835,1.079959224,1.178071883,0.224922325,1.178071883,0.224922325,0.539174354,0.439576301,0.186758974,-0.274968265,0.324101862,0.14171554,0.324101862,0.14171554
GL12_3_S285001_GL12_3_S285001,1.050853685,0.904730939,0.573049933,0.851903532,1.491014808,-0.260332835,1.079959224,1.178071883,0.224922325,1.178071883,0.224922325,0.539174354,0.439576301,0.186758974,-0.274968265,0.324101862,0.14171554,0.324101862,0.14171554
GL13_4_S296001_GL13_4_S296001,1.050853685,0.904730939,0.573049933,0.851903532,1.491014808,-0.260332835,1.079959224,1.178071883,0.224922325,1.178071883,0.224922325,0.539174354,0.439576301,0.186758974,-0.274968265,0.324101862,0.14171554,0.324101862,0.14171554
GL14_4_S307001_GL14_4_S307001,1.050853685,0.904730939,0.573049933,0.851903532,1.491014808,-0.260332835,1.079959224,1.178071883,0.224922325,1.178071883,0.224922325,0.539174354,0.439576301,0.186758974,-0.274968265,0.324101862,0.14171554,0.324101862,0.14171554
GL15_3_S319001_GL15_3_S319001,1.050853685,0.904730939,0.573049933,0.851903532,1.491014808,-0.260332835,1.079959224,1.178071883,0.224922325,1.178071883,0.224922325,0.539174354,0.439576301,0.186758974,-0.274968265,0.324101862,0.14171554,0.324101862,0.14171554
GL17_3_S331001_GL17_3_S331001,1.050853685,0.904730939,0.573049933,0.851903532,1.491014808,-0.260332835,1.079959224,1.178071883,0.224922325,1.178071883,0.224922325,0.539174354,0.439576301,0.186758974,-0.274968265,0.324101862,0.14171554,0.324101862,0.14171554
GL18_3_S343001_GL18_3_S343001,1.050853685,0.904730939,0.573049933,0.851903532,1.491014808,-0.260332835,1.079959224,1.178071883,0.224922325,1.178071883,0.224922325,0.539174354,0.439576301,0.186758974,-0.274968265,0.324101862,0.14171554,0.324101862,0.14171554
HH01_4_S304001_HH01_4_S304001,-0.311268619,0.747072626,0.358477839,1.241032386,0.303949383,-1.134788509,1.063784315,0.17956431,-1.164106979,0.17956431,-1.164106979,-1.75194326,1.76852791,-1.97134472,2.095090117,1.728543263,-1.764114138,1.728543263,-1.764114138
HH02_3_S316001_HH02_3_S316001,-0.311268619,0.747072626,0.358477839,1.241032386,0.303949383,-1.134788509,1.063784315,0.17956431,-1.164106979,0.17956431,-1.164106979,-1.75194326,1.76852791,-1.97134472,2.095090117,1.728543263,-1.764114138,1.728543263,-1.764114138
HH03_3_S328001_HH03_3_S328001,-0.311268619,0.747072626,0.358477839,1.241032386,0.303949383,-1.134788509,1.063784315,0.17956431,-1.164106979,0.17956431,-1.164106979,-1.75194326,1.76852791,-1.97134472,2.095090117,1.728543263,-1.764114138,1.728543263,-1.764114138
HH07_3_S340001_HH07_3_S340001,-0.311268619,0.747072626,0.358477839,1.241032386,0.303949383,-1.134788509,1.063784315,0.17956431,-1.164106979,0.17956431,-1.164106979,-1.75194326,1.76852791,-1.97134472,2.095090117,1.728543263,-1.764114138,1.728543263,-1.764114138
HH08_3_S351001_HH08_3_S351001,-0.311268619,0.747072626,0.358477839,1.241032386,0.303949383,-1.134788509,1.063784315,0.17956431,-1.164106979,0.17956431,-1.164106979,-1.75194326,1.76852791,-1.97134472,2.095090117,1.728543263,-1.764114138,1.728543263,-1.764114138
HH09_3_S273001_HH09_3_S273001,-0.311268619,0.747072626,0.358477839,1.241032386,0.303949383,-1.134788509,1.063784315,0.17956431,-1.164106979,0.17956431,-1.164106979,-1.75194326,1.76852791,-1.97134472,2.095090117,1.728543263,-1.764114138,1.728543263,-1.764114138
HH10_3_S283001_HH10_3_S283001,-0.311268619,0.747072626,0.358477839,1.241032386,0.303949383,-1.134788509,1.063784315,0.17956431,-1.164106979,0.17956431,-1.164106979,-1.75194326,1.76852791,-1.97134472,2.095090117,1.728543263,-1.764114138,1.728543263,-1.764114138
HH11_4_S294001_HH11_4_S294001,-0.311268619,0.747072626,0.358477839,1.241032386,0.303949383,-1.134788509,1.063784315,0.17956431,-1.164106979,0.17956431,-1.164106979,-1.75194326,1.76852791,-1.97134472,2.095090117,1.728543263,-1.764114138,1.728543263,-1.764114138
HH12_3_S305001_HH12_3_S305001,-0.311268619,0.747072626,0.358477839,1.241032386,0.303949383,-1.134788509,1.063784315,0.17956431,-1.164106979,0.17956431,-1.164106979,-1.75194326,1.76852791,-1.97134472,2.095090117,1.728543263,-1.764114138,1.728543263,-1.764114138
HH13_3_S317001_HH13_3_S317001,-0.311268619,0.747072626,0.358477839,1.241032386,0.303949383,-1.134788509,1.063784315,0.17956431,-1.164106979,0.17956431,-1.164106979,-1.75194326,1.76852791,-1.97134472,2.095090117,1.728543263,-1.764114138,1.728543263,-1.764114138
HH16_3_S341001_HH16_3_S341001,-0.311268619,0.747072626,0.358477839,1.241032386,0.303949383,-1.134788509,1.063784315,0.17956431,-1.164106979,0.17956431,-1.164106979,-1.75194326,1.76852791,-1.97134472,2.095090117,1.728543263,-1.764114138,1.728543263,-1.764114138
HH17_4_S352001_HH17_4_S352001,-0.311268619,0.747072626,0.358477839,1.241032386,0.303949383,-1.134788509,1.063784315,0.17956431,-1.164106979,0.17956431,-1.164106979,-1.75194326,1.76852791,-1.97134472,2.095090117,1.728543263,-1.764114138,1.728543263,-1.764114138
HH18_3_S274001_HH18_3_S274001,-0.311268619,0.747072626,0.358477839,1.241032386,0.303949383,-1.134788509,1.063784315,0.17956431,-1.164106979,0.17956431,-1.164106979,-1.75194326,1.76852791,-1.97134472,2.095090117,1.728543263,-1.764114138,1.728543263,-1.764114138
HR02_4_S76001_HR02_4_S76001,-0.401843899,0.077351829,0.037403752,0.206829379,0.029245207,-0.146837892,0.131717196,-0.220836341,-0.44632102,-0.220836341,-0.44632102,1.005164377,-0.092004342,0.726284897,-0.192562969,0.756237677,0.268770852,0.756237677,0.268770852
HR03_3_S87001_HR03_3_S87001,-0.401843899,0.077351829,0.037403752,0.206829379,0.029245207,-0.146837892,0.131717196,-0.220836341,-0.44632102,-0.220836341,-0.44632102,1.005164377,-0.092004342,0.726284897,-0.192562969,0.756237677,0.268770852,0.756237677,0.268770852
HR05_4_S17001_HR05_4_S17001,-0.401843899,0.077351829,0.037403752,0.206829379,0.029245207,-0.146837892,0.131717196,-0.220836341,-0.44632102,-0.220836341,-0.44632102,1.005164377,-0.092004342,0.726284897,-0.192562969,0.756237677,0.268770852,0.756237677,0.268770852
HR06_4_S29001_HR06_4_S29001,-0.401843899,0.077351829,0.037403752,0.206829379,0.029245207,-0.146837892,0.131717196,-0.220836341,-0.44632102,-0.220836341,-0.44632102,1.005164377,-0.092004342,0.726284897,-0.192562969,0.756237677,0.268770852,0.756237677,0.268770852
HR07_4_S41001_HR07_4_S41001,-0.401843899,0.077351829,0.037403752,0.206829379,0.029245207,-0.146837892,0.131717196,-0.220836341,-0.44632102,-0.220836341,-0.44632102,1.005164377,-0.092004342,0.726284897,-0.192562969,0.756237677,0.268770852,0.756237677,0.268770852
HR08_4_S53001_HR08_4_S53001,-0.401843899,0.077351829,0.037403752,0.206829379,0.029245207,-0.146837892,0.131717196,-0.220836341,-0.44632102,-0.220836341,-0.44632102,1.005164377,-0.092004342,0.726284897,-0.192562969,0.756237677,0.268770852,0.756237677,0.268770852
HR10_4_S77001_HR10_4_S77001,-0.401843899,0.077351829,0.037403752,0.206829379,0.029245207,-0.146837892,0.131717196,-0.220836341,-0.44632102,-0.220836341,-0.44632102,1.005164377,-0.092004342,0.726284897,-0.192562969,0.756237677,0.268770852,0.756237677,0.268770852
HR11_4_S88001_HR11_4_S88001,-0.401843899,0.077351829,0.037403752,0.206829379,0.029245207,-0.146837892,0.131717196,-0.220836341,-0.44632102,-0.220836341,-0.44632102,1.005164377,-0.092004342,0.726284897,-0.192562969,0.756237677,0.268770852,0.756237677,0.268770852
HR12_4_S7001_HR12_4_S7001,-0.401843899,0.077351829,0.037403752,0.206829379,0.029245207,-0.146837892,0.131717196,-0.220836341,-0.44632102,-0.220836341,-0.44632102,1.005164377,-0.092004342,0.726284897,-0.192562969,0.756237677,0.268770852,0.756237677,0.268770852
HR14_4_S18001_HR14_4_S18001,-0.401843899,0.077351829,0.037403752,0.206829379,0.029245207,-0.146837892,0.131717196,-0.220836341,-0.44632102,-0.220836341,-0.44632102,1.005164377,-0.092004342,0.726284897,-0.192562969,0.756237677,0.268770852,0.756237677,0.268770852
HR15_4_S30001_HR15_4_S30001,-0.401843899,0.077351829,0.037403752,0.206829379,0.029245207,-0.146837892,0.131717196,-0.220836341,-0.44632102,-0.220836341,-0.44632102,1.005164377,-0.092004342,0.726284897,-0.192562969,0.756237677,0.268770852,0.756237677,0.268770852
HY01_4_S90001_HY01_4_S90001,1.142003246,-2.171790456,-2.336732341,-0.783410776,0.128065298,1.840914648,-1.360404898,0.871290422,1.623398686,0.871290422,1.623398686,0.228514338,-0.623584986,0.186758974,-0.282596416,-0.432135816,0.014660228,-0.432135816,0.014660228
HY02_4_S9001_HY02_4_S9001,1.142003246,-2.171790456,-2.336732341,-0.783410776,0.128065298,1.840914648,-1.360404898,0.871290422,1.623398686,0.871290422,1.623398686,0.228514338,-0.623584986,0.186758974,-0.282596416,-0.432135816,0.014660228,-0.432135816,0.014660228
HY03_3_S20001_HY03_3_S20001,1.142003246,-2.171790456,-2.336732341,-0.783410776,0.128065298,1.840914648,-1.360404898,0.871290422,1.623398686,0.871290422,1.623398686,0.228514338,-0.623584986,0.186758974,-0.282596416,-0.432135816,0.014660228,-0.432135816,0.014660228
HY04_3_S32001_HY04_3_S32001,1.142003246,-2.171790456,-2.336732341,-0.783410776,0.128065298,1.840914648,-1.360404898,0.871290422,1.623398686,0.871290422,1.623398686,0.228514338,-0.623584986,0.186758974,-0.282596416,-0.432135816,0.014660228,-0.432135816,0.014660228
HY05_3_S44001_HY05_3_S44001,1.142003246,-2.171790456,-2.336732341,-0.783410776,0.128065298,1.840914648,-1.360404898,0.871290422,1.623398686,0.871290422,1.623398686,0.228514338,-0.623584986,0.186758974,-0.282596416,-0.432135816,0.014660228,-0.432135816,0.014660228
HY06_3_S56001_HY06_3_S56001,1.142003246,-2.171790456,-2.336732341,-0.783410776,0.128065298,1.840914648,-1.360404898,0.871290422,1.623398686,0.871290422,1.623398686,0.228514338,-0.623584986,0.186758974,-0.282596416,-0.432135816,0.014660228,-0.432135816,0.014660228
HY07_3_S68001_HY07_3_S68001,1.142003246,-2.171790456,-2.336732341,-0.783410776,0.128065298,1.840914648,-1.360404898,0.871290422,1.623398686,0.871290422,1.623398686,0.228514338,-0.623584986,0.186758974,-0.282596416,-0.432135816,0.014660228,-0.432135816,0.014660228
HY08_3_S80001_HY08_3_S80001,1.142003246,-2.171790456,-2.336732341,-0.783410776,0.128065298,1.840914648,-1.360404898,0.871290422,1.623398686,0.871290422,1.623398686,0.228514338,-0.623584986,0.186758974,-0.282596416,-0.432135816,0.014660228,-0.432135816,0.014660228
HY09_3_S91001_HY09_3_S91001,1.142003246,-2.171790456,-2.336732341,-0.783410776,0.128065298,1.840914648,-1.360404898,0.871290422,1.623398686,0.871290422,1.623398686,0.228514338,-0.623584986,0.186758974,-0.282596416,-0.432135816,0.014660228,-0.432135816,0.014660228
HY10_3_S10001_HY10_3_S10001,1.142003246,-2.171790456,-2.336732341,-0.783410776,0.128065298,1.840914648,-1.360404898,0.871290422,1.623398686,0.871290422,1.623398686,0.228514338,-0.623584986,0.186758974,-0.282596416,-0.432135816,0.014660228,-0.432135816,0.014660228
HY11_4_S21001_HY11_4_S21001,1.142003246,-2.171790456,-2.336732341,-0.783410776,0.128065298,1.840914648,-1.360404898,0.871290422,1.623398686,0.871290422,1.623398686,0.228514338,-0.623584986,0.186758974,-0.282596416,-0.432135816,0.014660228,-0.432135816,0.014660228
HY12_4_S33001_HY12_4_S33001,1.142003246,-2.171790456,-2.336732341,-0.783410776,0.128065298,1.840914648,-1.360404898,0.871290422,1.623398686,0.871290422,1.623398686,0.228514338,-0.623584986,0.186758974,-0.282596416,-0.432135816,0.014660228,-0.432135816,0.014660228
HY13_4_S45001_HY13_4_S45001,1.142003246,-2.171790456,-2.336732341,-0.783410776,0.128065298,1.840914648,-1.360404898,0.871290422,1.623398686,0.871290422,1.623398686,0.228514338,-0.623584986,0.186758974,-0.282596416,-0.432135816,0.014660228,-0.432135816,0.014660228
HY15_3_S57001_HY15_3_S57001,1.142003246,-2.171790456,-2.336732341,-0.783410776,0.128065298,1.840914648,-1.360404898,0.871290422,1.623398686,0.871290422,1.623398686,0.228514338,-0.623584986,0.186758974,-0.282596416,-0.432135816,0.014660228,-0.432135816,0.014660228
JC01_3_S73001_JC01_3_S73001,0.69693694,-0.438640699,-0.247511559,-0.571129502,0.137433138,0.811256709,-0.551868117,0.250983057,0.877750435,0.250983057,0.877750435,0.500341852,0.17378598,0.186758974,-0.328130724,-0.324101862,0.14171554,-0.324101862,0.14171554
JC02_3_S84001_JC02_3_S84001,0.69693694,-0.438640699,-0.247511559,-0.571129502,0.137433138,0.811256709,-0.551868117,0.250983057,0.877750435,0.250983057,0.877750435,0.500341852,0.17378598,0.186758974,-0.328130724,-0.324101862,0.14171554,-0.324101862,0.14171554
JC03_3_S3001_JC03_3_S3001,0.69693694,-0.438640699,-0.247511559,-0.571129502,0.137433138,0.811256709,-0.551868117,0.250983057,0.877750435,0.250983057,0.877750435,0.500341852,0.17378598,0.186758974,-0.328130724,-0.324101862,0.14171554,-0.324101862,0.14171554
JC04_4_S14001_JC04_4_S14001,0.69693694,-0.438640699,-0.247511559,-0.571129502,0.137433138,0.811256709,-0.551868117,0.250983057,0.877750435,0.250983057,0.877750435,0.500341852,0.17378598,0.186758974,-0.328130724,-0.324101862,0.14171554,-0.324101862,0.14171554
JC05_4_S26001_JC05_4_S26001,0.69693694,-0.438640699,-0.247511559,-0.571129502,0.137433138,0.811256709,-0.551868117,0.250983057,0.877750435,0.250983057,0.877750435,0.500341852,0.17378598,0.186758974,-0.328130724,-0.324101862,0.14171554,-0.324101862,0.14171554
JC06_4_S38001_JC06_4_S38001,0.69693694,-0.438640699,-0.247511559,-0.571129502,0.137433138,0.811256709,-0.551868117,0.250983057,0.877750435,0.250983057,0.877750435,0.500341852,0.17378598,0.186758974,-0.328130724,-0.324101862,0.14171554,-0.324101862,0.14171554
JC07_4_S50001_JC07_4_S50001,0.69693694,-0.438640699,-0.247511559,-0.571129502,0.137433138,0.811256709,-0.551868117,0.250983057,0.877750435,0.250983057,0.877750435,0.500341852,0.17378598,0.186758974,-0.328130724,-0.324101862,0.14171554,-0.324101862,0.14171554
JC09_4_S74001_JC09_4_S74001,0.69693694,-0.438640699,-0.247511559,-0.571129502,0.137433138,0.811256709,-0.551868117,0.250983057,0.877750435,0.250983057,0.877750435,0.500341852,0.17378598,0.186758974,-0.328130724,-0.324101862,0.14171554,-0.324101862,0.14171554
JC11_3_S85001_JC11_3_S85001,0.69693694,-0.438640699,-0.247511559,-0.571129502,0.137433138,0.811256709,-0.551868117,0.250983057,0.877750435,0.250983057,0.877750435,0.500341852,0.17378598,0.186758974,-0.328130724,-0.324101862,0.14171554,-0.324101862,0.14171554
JC12_3_S4001_JC12_3_S4001,0.69693694,-0.438640699,-0.247511559,-0.571129502,0.137433138,0.811256709,-0.551868117,0.250983057,0.877750435,0.250983057,0.877750435,0.500341852,0.17378598,0.186758974,-0.328130724,-0.324101862,0.14171554,-0.324101862,0.14171554
JC13_3_S15001_JC13_3_S15001,0.69693694,-0.438640699,-0.247511559,-0.571129502,0.137433138,0.811256709,-0.551868117,0.250983057,0.877750435,0.250983057,0.877750435,0.500341852,0.17378598,0.186758974,-0.328130724,-0.324101862,0.14171554,-0.324101862,0.14171554
KW01_3_S280001_KW01_3_S280001,0.160386866,0.838635176,0.251938471,1.484405317,0.907153139,-1.120659449,1.407533743,0.765830844,-0.905665822,0.765830844,-0.905665822,-1.518948248,1.236947267,-1.97134472,1.644755445,1.404441401,-1.637058826,1.404441401,-1.637058826
KW02_3_S290001_KW02_3_S290001,0.160386866,0.838635176,0.251938471,1.484405317,0.907153139,-1.120659449,1.407533743,0.765830844,-0.905665822,0.765830844,-0.905665822,-1.518948248,1.236947267,-1.97134472,1.644755445,1.404441401,-1.637058826,1.404441401,-1.637058826
KW03_4_S301001_KW03_4_S301001,0.160386866,0.838635176,0.251938471,1.484405317,0.907153139,-1.120659449,1.407533743,0.765830844,-0.905665822,0.765830844,-0.905665822,-1.518948248,1.236947267,-1.97134472,1.644755445,1.404441401,-1.637058826,1.404441401,-1.637058826
KW04_3_S313001_KW04_3_S313001,0.160386866,0.838635176,0.251938471,1.484405317,0.907153139,-1.120659449,1.407533743,0.765830844,-0.905665822,0.765830844,-0.905665822,-1.518948248,1.236947267,-1.97134472,1.644755445,1.404441401,-1.637058826,1.404441401,-1.637058826
KW06_4_S325001_KW06_4_S325001,0.160386866,0.838635176,0.251938471,1.484405317,0.907153139,-1.120659449,1.407533743,0.765830844,-0.905665822,0.765830844,-0.905665822,-1.518948248,1.236947267,-1.97134472,1.644755445,1.404441401,-1.637058826,1.404441401,-1.637058826
KW09_3_S348001_KW09_3_S348001,0.160386866,0.838635176,0.251938471,1.484405317,0.907153139,-1.120659449,1.407533743,0.765830844,-0.905665822,0.765830844,-0.905665822,-1.518948248,1.236947267,-1.97134472,1.644755445,1.404441401,-1.637058826,1.404441401,-1.637058826
KW10_4_S360001_KW10_4_S360001,0.160386866,0.838635176,0.251938471,1.484405317,0.907153139,-1.120659449,1.407533743,0.765830844,-0.905665822,0.765830844,-0.905665822,-1.518948248,1.236947267,-1.97134472,1.644755445,1.404441401,-1.637058826,1.404441401,-1.637058826
KW12_4_S281001_KW12_4_S281001,0.160386866,0.838635176,0.251938471,1.484405317,0.907153139,-1.120659449,1.407533743,0.765830844,-0.905665822,0.765830844,-0.905665822,-1.518948248,1.236947267,-1.97134472,1.644755445,1.404441401,-1.637058826,1.404441401,-1.637058826
KW14_3_S291001_KW14_3_S291001,0.160386866,0.838635176,0.251938471,1.484405317,0.907153139,-1.120659449,1.407533743,0.765830844,-0.905665822,0.765830844,-0.905665822,-1.518948248,1.236947267,-1.97134472,1.644755445,1.404441401,-1.637058826,1.404441401,-1.637058826
KW15_3_S302001_KW15_3_S302001,0.160386866,0.838635176,0.251938471,1.484405317,0.907153139,-1.120659449,1.407533743,0.765830844,-0.905665822,0.765830844,-0.905665822,-1.518948248,1.236947267,-1.97134472,1.644755445,1.404441401,-1.637058826,1.404441401,-1.637058826
KW16_3_S314001_KW16_3_S314001,0.160386866,0.838635176,0.251938471,1.484405317,0.907153139,-1.120659449,1.407533743,0.765830844,-0.905665822,0.765830844,-0.905665822,-1.518948248,1.236947267,-1.97134472,1.644755445,1.404441401,-1.637058826,1.404441401,-1.637058826
KW17_4_S326001_KW17_4_S326001,0.160386866,0.838635176,0.251938471,1.484405317,0.907153139,-1.120659449,1.407533743,0.765830844,-0.905665822,0.765830844,-0.905665822,-1.518948248,1.236947267,-1.97134472,1.644755445,1.404441401,-1.637058826,1.404441401,-1.637058826
LE01_3_S217001_LE01_3_S217001,-1.780401101,1.145188534,0.642904036,1.347458943,-0.560661875,-2.308251221,1.470454262,-0.95564604,-2.34203793,-0.95564604,-2.34203793,-1.674278256,1.236947267,-0.35276695,1.637845894,0.324101862,-1.001782267,0.324101862,-1.001782267
LE02_3_S228001_LE02_3_S228001,-1.780401101,1.145188534,0.642904036,1.347458943,-0.560661875,-2.308251221,1.470454262,-0.95564604,-2.34203793,-0.95564604,-2.34203793,-1.674278256,1.236947267,-0.35276695,1.637845894,0.324101862,-1.001782267,0.324101862,-1.001782267
LE03_3_S239001_LE03_3_S239001,-1.780401101,1.145188534,0.642904036,1.347458943,-0.560661875,-2.308251221,1.470454262,-0.95564604,-2.34203793,-0.95564604,-2.34203793,-1.674278256,1.236947267,-0.35276695,1.637845894,0.324101862,-1.001782267,0.324101862,-1.001782267
LE05_3_S292001_LE05_3_S292001,-1.780401101,1.145188534,0.642904036,1.347458943,-0.560661875,-2.308251221,1.470454262,-0.95564604,-2.34203793,-0.95564604,-2.34203793,-1.674278256,1.236947267,-0.35276695,1.637845894,0.324101862,-1.001782267,0.324101862,-1.001782267
LE06_3_S303001_LE06_3_S303001,-1.780401101,1.145188534,0.642904036,1.347458943,-0.560661875,-2.308251221,1.470454262,-0.95564604,-2.34203793,-0.95564604,-2.34203793,-1.674278256,1.236947267,-0.35276695,1.637845894,0.324101862,-1.001782267,0.324101862,-1.001782267
LE07_3_S315001_LE07_3_S315001,-1.780401101,1.145188534,0.642904036,1.347458943,-0.560661875,-2.308251221,1.470454262,-0.95564604,-2.34203793,-0.95564604,-2.34203793,-1.674278256,1.236947267,-0.35276695,1.637845894,0.324101862,-1.001782267,0.324101862,-1.001782267
LE10_3_S339001_LE10_3_S339001,-1.780401101,1.145188534,0.642904036,1.347458943,-0.560661875,-2.308251221,1.470454262,-0.95564604,-2.34203793,-0.95564604,-2.34203793,-1.674278256,1.236947267,-0.35276695,1.637845894,0.324101862,-1.001782267,0.324101862,-1.001782267
LE11_3_S350001_LE11_3_S350001,-1.780401101,1.145188534,0.642904036,1.347458943,-0.560661875,-2.308251221,1.470454262,-0.95564604,-2.34203793,-0.95564604,-2.34203793,-1.674278256,1.236947267,-0.35276695,1.637845894,0.324101862,-1.001782267,0.324101862,-1.001782267
LE12_3_S272001_LE12_3_S272001,-1.780401101,1.145188534,0.642904036,1.347458943,-0.560661875,-2.308251221,1.470454262,-0.95564604,-2.34203793,-0.95564604,-2.34203793,-1.674278256,1.236947267,-0.35276695,1.637845894,0.324101862,-1.001782267,0.324101862,-1.001782267
LE13_3_S282001_LE13_3_S282001,-1.780401101,1.145188534,0.642904036,1.347458943,-0.560661875,-2.308251221,1.470454262,-0.95564604,-2.34203793,-0.95564604,-2.34203793,-1.674278256,1.236947267,-0.35276695,1.637845894,0.324101862,-1.001782267,0.324101862,-1.001782267
LE14_3_S293001_LE14_3_S293001,-1.780401101,1.145188534,0.642904036,1.347458943,-0.560661875,-2.308251221,1.470454262,-0.95564604,-2.34203793,-0.95564604,-2.34203793,-1.674278256,1.236947267,-0.35276695,1.637845894,0.324101862,-1.001782267,0.324101862,-1.001782267
LE18_3_S11001_LE18_3_S11001,-1.780401101,1.145188534,0.642904036,1.347458943,-0.560661875,-2.308251221,1.470454262,-0.95564604,-2.34203793,-0.95564604,-2.34203793,-1.674278256,1.236947267,-0.35276695,1.637845894,0.324101862,-1.001782267,0.324101862,-1.001782267
MG04_4_S211001_MG04_4_S211001,0.69693694,-0.438640699,-0.247511559,-0.571129502,0.137433138,0.811256709,-0.551868117,0.250983057,0.877750435,0.250983057,0.877750435,0.500341852,0.17378598,0.186758974,-0.328130724,-0.324101862,0.14171554,-0.324101862,0.14171554
MG05_4_S222001_MG05_4_S222001,0.69693694,-0.438640699,-0.247511559,-0.571129502,0.137433138,0.811256709,-0.551868117,0.250983057,0.877750435,0.250983057,0.877750435,0.500341852,0.17378598,0.186758974,-0.328130724,-0.324101862,0.14171554,-0.324101862,0.14171554
MG06_4_S233001_MG06_4_S233001,0.69693694,-0.438640699,-0.247511559,-0.571129502,0.137433138,0.811256709,-0.551868117,0.250983057,0.877750435,0.250983057,0.877750435,0.500341852,0.17378598,0.186758974,-0.328130724,-0.324101862,0.14171554,-0.324101862,0.14171554
MG07_4_S244001_MG07_4_S244001,0.69693694,-0.438640699,-0.247511559,-0.571129502,0.137433138,0.811256709,-0.551868117,0.250983057,0.877750435,0.250983057,0.877750435,0.500341852,0.17378598,0.186758974,-0.328130724,-0.324101862,0.14171554,-0.324101862,0.14171554
MG08_4_S254001_MG08_4_S254001,0.69693694,-0.438640699,-0.247511559,-0.571129502,0.137433138,0.811256709,-0.551868117,0.250983057,0.877750435,0.250983057,0.877750435,0.500341852,0.17378598,0.186758974,-0.328130724,-0.324101862,0.14171554,-0.324101862,0.14171554
MG09_4_S265001_MG09_4_S265001,0.69693694,-0.438640699,-0.247511559,-0.571129502,0.137433138,0.811256709,-0.551868117,0.250983057,0.877750435,0.250983057,0.877750435,0.500341852,0.17378598,0.186758974,-0.328130724,-0.324101862,0.14171554,-0.324101862,0.14171554
MG10_4_S188001_MG10_4_S188001,0.69693694,-0.438640699,-0.247511559,-0.571129502,0.137433138,0.811256709,-0.551868117,0.250983057,0.877750435,0.250983057,0.877750435,0.500341852,0.17378598,0.186758974,-0.328130724,-0.324101862,0.14171554,-0.324101862,0.14171554
MG11_4_S200001_MG11_4_S200001,0.69693694,-0.438640699,-0.247511559,-0.571129502,0.137433138,0.811256709,-0.551868117,0.250983057,0.877750435,0.250983057,0.877750435,0.500341852,0.17378598,0.186758974,-0.328130724,-0.324101862,0.14171554,-0.324101862,0.14171554
MG12_4_S212001_MG12_4_S212001,0.69693694,-0.438640699,-0.247511559,-0.571129502,0.137433138,0.811256709,-0.551868117,0.250983057,0.877750435,0.250983057,0.877750435,0.500341852,0.17378598,0.186758974,-0.328130724,-0.324101862,0.14171554,-0.324101862,0.14171554
MG13_4_S223001_MG13_4_S223001,0.69693694,-0.438640699,-0.247511559,-0.571129502,0.137433138,0.811256709,-0.551868117,0.250983057,0.877750435,0.250983057,0.877750435,0.500341852,0.17378598,0.186758974,-0.328130724,-0.324101862,0.14171554,-0.324101862,0.14171554
MG14_4_S234001_MG14_4_S234001,0.69693694,-0.438640699,-0.247511559,-0.571129502,0.137433138,0.811256709,-0.551868117,0.250983057,0.877750435,0.250983057,0.877750435,0.500341852,0.17378598,0.186758974,-0.328130724,-0.324101862,0.14171554,-0.324101862,0.14171554
MG15_4_S245001_MG15_4_S245001,0.69693694,-0.438640699,-0.247511559,-0.571129502,0.137433138,0.811256709,-0.551868117,0.250983057,0.877750435,0.250983057,0.877750435,0.500341852,0.17378598,0.186758974,-0.328130724,-0.324101862,0.14171554,-0.324101862,0.14171554
MG16_4_S255001_MG16_4_S255001,0.69693694,-0.438640699,-0.247511559,-0.571129502,0.137433138,0.811256709,-0.551868117,0.250983057,0.877750435,0.250983057,0.877750435,0.500341852,0.17378598,0.186758974,-0.328130724,-0.324101862,0.14171554,-0.324101862,0.14171554
MG18_4_S266001_MG18_4_S266001,0.69693694,-0.438640699,-0.247511559,-0.571129502,0.137433138,0.811256709,-0.551868117,0.250983057,0.877750435,0.250983057,0.877750435,0.500341852,0.17378598,0.186758974,-0.328130724,-0.324101862,0.14171554,-0.324101862,0.14171554
ML01_3_S259001_ML01_3_S259001,0.9686314,-0.893266153,-1.524354187,0.985621968,0.799869009,0.179060608,0.330784695,1.470493827,0.312883946,1.470493827,0.312883946,-1.635445754,0.439576301,-1.97134472,1.043116196,-0.108033954,-1.637058826,-0.108033954,-1.637058826
ML02_3_S270001_ML02_3_S270001,0.9686314,-0.893266153,-1.524354187,0.985621968,0.799869009,0.179060608,0.330784695,1.470493827,0.312883946,1.470493827,0.312883946,-1.635445754,0.439576301,-1.97134472,1.043116196,-0.108033954,-1.637058826,-0.108033954,-1.637058826
ML04_3_S193001_ML04_3_S193001,0.9686314,-0.893266153,-1.524354187,0.985621968,0.799869009,0.179060608,0.330784695,1.470493827,0.312883946,1.470493827,0.312883946,-1.635445754,0.439576301,-1.97134472,1.043116196,-0.108033954,-1.637058826,-0.108033954,-1.637058826
ML06_3_S205001_ML06_3_S205001,0.9686314,-0.893266153,-1.524354187,0.985621968,0.799869009,0.179060608,0.330784695,1.470493827,0.312883946,1.470493827,0.312883946,-1.635445754,0.439576301,-1.97134472,1.043116196,-0.108033954,-1.637058826,-0.108033954,-1.637058826
ML07_3_S216001_ML07_3_S216001,0.9686314,-0.893266153,-1.524354187,0.985621968,0.799869009,0.179060608,0.330784695,1.470493827,0.312883946,1.470493827,0.312883946,-1.635445754,0.439576301,-1.97134472,1.043116196,-0.108033954,-1.637058826,-0.108033954,-1.637058826
ML08_3_S227001_ML08_3_S227001,0.9686314,-0.893266153,-1.524354187,0.985621968,0.799869009,0.179060608,0.330784695,1.470493827,0.312883946,1.470493827,0.312883946,-1.635445754,0.439576301,-1.97134472,1.043116196,-0.108033954,-1.637058826,-0.108033954,-1.637058826
ML09_3_S238001_ML09_3_S238001,0.9686314,-0.893266153,-1.524354187,0.985621968,0.799869009,0.179060608,0.330784695,1.470493827,0.312883946,1.470493827,0.312883946,-1.635445754,0.439576301,-1.97134472,1.043116196,-0.108033954,-1.637058826,-0.108033954,-1.637058826
ML10_3_S249001_ML10_3_S249001,0.9686314,-0.893266153,-1.524354187,0.985621968,0.799869009,0.179060608,0.330784695,1.470493827,0.312883946,1.470493827,0.312883946,-1.635445754,0.439576301,-1.97134472,1.043116196,-0.108033954,-1.637058826,-0.108033954,-1.637058826
ML11_3_S260001_ML11_3_S260001,0.9686314,-0.893266153,-1.524354187,0.985621968,0.799869009,0.179060608,0.330784695,1.470493827,0.312883946,1.470493827,0.312883946,-1.635445754,0.439576301,-1.97134472,1.043116196,-0.108033954,-1.637058826,-0.108033954,-1.637058826
ML14_3_S194001_ML14_3_S194001,0.9686314,-0.893266153,-1.524354187,0.985621968,0.799869009,0.179060608,0.330784695,1.470493827,0.312883946,1.470493827,0.312883946,-1.635445754,0.439576301,-1.97134472,1.043116196,-0.108033954,-1.637058826,-0.108033954,-1.637058826
ML15_3_S206001_ML15_3_S206001,0.9686314,-0.893266153,-1.524354187,0.985621968,0.799869009,0.179060608,0.330784695,1.470493827,0.312883946,1.470493827,0.312883946,-1.635445754,0.439576301,-1.97134472,1.043116196,-0.108033954,-1.637058826,-0.108033954,-1.637058826
MM01_4_S1001_MM01_4_S1001,0.057887393,-2.156362068,-1.683753748,-2.09359456,-1.677916878,1.659732033,-2.281273788,-0.885158157,1.393138671,-0.885158157,1.393138671,-0.004480673,-1.420955951,0.726284897,-0.572267272,-0.864271631,0.268770852,-0.864271631,0.268770852
MM02_4_S12001_MM02_4_S12001,0.057887393,-2.156362068,-1.683753748,-2.09359456,-1.677916878,1.659732033,-2.281273788,-0.885158157,1.393138671,-0.885158157,1.393138671,-0.004480673,-1.420955951,0.726284897,-0.572267272,-0.864271631,0.268770852,-0.864271631,0.268770852
MM03_3_S24001_MM03_3_S24001,0.057887393,-2.156362068,-1.683753748,-2.09359456,-1.677916878,1.659732033,-2.281273788,-0.885158157,1.393138671,-0.885158157,1.393138671,-0.004480673,-1.420955951,0.726284897,-0.572267272,-0.864271631,0.268770852,-0.864271631,0.268770852
MM04_3_S36001_MM04_3_S36001,0.057887393,-2.156362068,-1.683753748,-2.09359456,-1.677916878,1.659732033,-2.281273788,-0.885158157,1.393138671,-0.885158157,1.393138671,-0.004480673,-1.420955951,0.726284897,-0.572267272,-0.864271631,0.268770852,-0.864271631,0.268770852
MM05_4_S48001_MM05_4_S48001,0.057887393,-2.156362068,-1.683753748,-2.09359456,-1.677916878,1.659732033,-2.281273788,-0.885158157,1.393138671,-0.885158157,1.393138671,-0.004480673,-1.420955951,0.726284897,-0.572267272,-0.864271631,0.268770852,-0.864271631,0.268770852
MM07_3_S72001_MM07_3_S72001,0.057887393,-2.156362068,-1.683753748,-2.09359456,-1.677916878,1.659732033,-2.281273788,-0.885158157,1.393138671,-0.885158157,1.393138671,-0.004480673,-1.420955951,0.726284897,-0.572267272,-0.864271631,0.268770852,-0.864271631,0.268770852
MM08_3_S83001_MM08_3_S83001,0.057887393,-2.156362068,-1.683753748,-2.09359456,-1.677916878,1.659732033,-2.281273788,-0.885158157,1.393138671,-0.885158157,1.393138671,-0.004480673,-1.420955951,0.726284897,-0.572267272,-0.864271631,0.268770852,-0.864271631,0.268770852
MM10_4_S2001_MM10_4_S2001,0.057887393,-2.156362068,-1.683753748,-2.09359456,-1.677916878,1.659732033,-2.281273788,-0.885158157,1.393138671,-0.885158157,1.393138671,-0.004480673,-1.420955951,0.726284897,-0.572267272,-0.864271631,0.268770852,-0.864271631,0.268770852
MM11_3_S13001_MM11_3_S13001,0.057887393,-2.156362068,-1.683753748,-2.09359456,-1.677916878,1.659732033,-2.281273788,-0.885158157,1.393138671,-0.885158157,1.393138671,-0.004480673,-1.420955951,0.726284897,-0.572267272,-0.864271631,0.268770852,-0.864271631,0.268770852
MM12_3_S25001_MM12_3_S25001,0.057887393,-2.156362068,-1.683753748,-2.09359456,-1.677916878,1.659732033,-2.281273788,-0.885158157,1.393138671,-0.885158157,1.393138671,-0.004480673,-1.420955951,0.726284897,-0.572267272,-0.864271631,0.268770852,-0.864271631,0.268770852
MM13_4_S37001_MM13_4_S37001,0.057887393,-2.156362068,-1.683753748,-2.09359456,-1.677916878,1.659732033,-2.281273788,-0.885158157,1.393138671,-0.885158157,1.393138671,-0.004480673,-1.420955951,0.726284897,-0.572267272,-0.864271631,0.268770852,-0.864271631,0.268770852
MM14_4_S49001_MM14_4_S49001,0.057887393,-2.156362068,-1.683753748,-2.09359456,-1.677916878,1.659732033,-2.281273788,-0.885158157,1.393138671,-0.885158157,1.393138671,-0.004480673,-1.420955951,0.726284897,-0.572267272,-0.864271631,0.268770852,-0.864271631,0.268770852
MS01_3_S27001_MS01_3_S27001,-0.121844607,-0.819176615,-0.841277947,-0.157789169,-0.288374017,0.452085556,-0.52218428,-0.100086357,0.055616798,-0.100086357,0.055616798,0.849834369,-0.092004342,0.726284897,-0.286530403,0.324101862,0.268770852,0.324101862,0.268770852
MS02_3_S39001_MS02_3_S39001,-0.121844607,-0.819176615,-0.841277947,-0.157789169,-0.288374017,0.452085556,-0.52218428,-0.100086357,0.055616798,-0.100086357,0.055616798,0.849834369,-0.092004342,0.726284897,-0.286530403,0.324101862,0.268770852,0.324101862,0.268770852
MS03_3_S51001_MS03_3_S51001,-0.121844607,-0.819176615,-0.841277947,-0.157789169,-0.288374017,0.452085556,-0.52218428,-0.100086357,0.055616798,-0.100086357,0.055616798,0.849834369,-0.092004342,0.726284897,-0.286530403,0.324101862,0.268770852,0.324101862,0.268770852
MS04_3_S63001_MS04_3_S63001,-0.121844607,-0.819176615,-0.841277947,-0.157789169,-0.288374017,0.452085556,-0.52218428,-0.100086357,0.055616798,-0.100086357,0.055616798,0.849834369,-0.092004342,0.726284897,-0.286530403,0.324101862,0.268770852,0.324101862,0.268770852
MS06_3_S75001_MS06_3_S75001,-0.121844607,-0.819176615,-0.841277947,-0.157789169,-0.288374017,0.452085556,-0.52218428,-0.100086357,0.055616798,-0.100086357,0.055616798,0.849834369,-0.092004342,0.726284897,-0.286530403,0.324101862,0.268770852,0.324101862,0.268770852
MS08_3_S86001_MS08_3_S86001,-0.121844607,-0.819176615,-0.841277947,-0.157789169,-0.288374017,0.452085556,-0.52218428,-0.100086357,0.055616798,-0.100086357,0.055616798,0.849834369,-0.092004342,0.726284897,-0.286530403,0.324101862,0.268770852,0.324101862,0.268770852
MS09_3_S5001_MS09_3_S5001,-0.121844607,-0.819176615,-0.841277947,-0.157789169,-0.288374017,0.452085556,-0.52218428,-0.100086357,0.055616798,-0.100086357,0.055616798,0.849834369,-0.092004342,0.726284897,-0.286530403,0.324101862,0.268770852,0.324101862,0.268770852
MS11_3_S16001_MS11_3_S16001,-0.121844607,-0.819176615,-0.841277947,-0.157789169,-0.288374017,0.452085556,-0.52218428,-0.100086357,0.055616798,-0.100086357,0.055616798,0.849834369,-0.092004342,0.726284897,-0.286530403,0.324101862,0.268770852,0.324101862,0.268770852
MS12_3_S28001_MS12_3_S28001,-0.121844607,-0.819176615,-0.841277947,-0.157789169,-0.288374017,0.452085556,-0.52218428,-0.100086357,0.055616798,-0.100086357,0.055616798,0.849834369,-0.092004342,0.726284897,-0.286530403,0.324101862,0.268770852,0.324101862,0.268770852
MS13_3_S40001_MS13_3_S40001,-0.121844607,-0.819176615,-0.841277947,-0.157789169,-0.288374017,0.452085556,-0.52218428,-0.100086357,0.055616798,-0.100086357,0.055616798,0.849834369,-0.092004342,0.726284897,-0.286530403,0.324101862,0.268770852,0.324101862,0.268770852
MS16_3_S52001_MS16_3_S52001,-0.121844607,-0.819176615,-0.841277947,-0.157789169,-0.288374017,0.452085556,-0.52218428,-0.100086357,0.055616798,-0.100086357,0.055616798,0.849834369,-0.092004342,0.726284897,-0.286530403,0.324101862,0.268770852,0.324101862,0.268770852
MS18_3_S64001_MS18_3_S64001,-0.121844607,-0.819176615,-0.841277947,-0.157789169,-0.288374017,0.452085556,-0.52218428,-0.100086357,0.055616798,-0.100086357,0.055616798,0.849834369,-0.092004342,0.726284897,-0.286530403,0.324101862,0.268770852,0.324101862,0.268770852
NJ03_4_S155001_NJ03_4_S155001,0.343323025,0.666292436,0.864954224,-0.170416932,0.600414273,0.21233326,0.187529325,0.192006887,0.368233476,0.192006887,0.368233476,0.966331875,0.439576301,0.186758974,-0.271049977,0.432135816,0.268770852,0.432135816,0.268770852
NJ04_4_S166001_NJ04_4_S166001,0.343323025,0.666292436,0.864954224,-0.170416932,0.600414273,0.21233326,0.187529325,0.192006887,0.368233476,0.192006887,0.368233476,0.966331875,0.439576301,0.186758974,-0.271049977,0.432135816,0.268770852,0.432135816,0.268770852
NJ05_3_S177001_NJ05_3_S177001,0.343323025,0.666292436,0.864954224,-0.170416932,0.600414273,0.21233326,0.187529325,0.192006887,0.368233476,0.192006887,0.368233476,0.966331875,0.439576301,0.186758974,-0.271049977,0.432135816,0.268770852,0.432135816,0.268770852
NJ06_4_S99001_NJ06_4_S99001,0.343323025,0.666292436,0.864954224,-0.170416932,0.600414273,0.21233326,0.187529325,0.192006887,0.368233476,0.192006887,0.368233476,0.966331875,0.439576301,0.186758974,-0.271049977,0.432135816,0.268770852,0.432135816,0.268770852
NJ08_4_S110001_NJ08_4_S110001,0.343323025,0.666292436,0.864954224,-0.170416932,0.600414273,0.21233326,0.187529325,0.192006887,0.368233476,0.192006887,0.368233476,0.966331875,0.439576301,0.186758974,-0.271049977,0.432135816,0.268770852,0.432135816,0.268770852
NJ10_4_S122001_NJ10_4_S122001,0.343323025,0.666292436,0.864954224,-0.170416932,0.600414273,0.21233326,0.187529325,0.192006887,0.368233476,0.192006887,0.368233476,0.966331875,0.439576301,0.186758974,-0.271049977,0.432135816,0.268770852,0.432135816,0.268770852
NJ12_4_S133001_NJ12_4_S133001,0.343323025,0.666292436,0.864954224,-0.170416932,0.600414273,0.21233326,0.187529325,0.192006887,0.368233476,0.192006887,0.368233476,0.966331875,0.439576301,0.186758974,-0.271049977,0.432135816,0.268770852,0.432135816,0.268770852
NJ13_4_S145001_NJ13_4_S145001,0.343323025,0.666292436,0.864954224,-0.170416932,0.600414273,0.21233326,0.187529325,0.192006887,0.368233476,0.192006887,0.368233476,0.966331875,0.439576301,0.186758974,-0.271049977,0.432135816,0.268770852,0.432135816,0.268770852
NJ16_3_S167001_NJ16_3_S167001,0.343323025,0.666292436,0.864954224,-0.170416932,0.600414273,0.21233326,0.187529325,0.192006887,0.368233476,0.192006887,0.368233476,0.966331875,0.439576301,0.186758974,-0.271049977,0.432135816,0.268770852,0.432135816,0.268770852
NJ18_3_S100001_NJ18_3_S100001,0.343323025,0.666292436,0.864954224,-0.170416932,0.600414273,0.21233326,0.187529325,0.192006887,0.368233476,0.192006887,0.368233476,0.966331875,0.439576301,0.186758974,-0.271049977,0.432135816,0.268770852,0.432135816,0.268770852
SC01_4_S114001_SC01_4_S114001,1.217976294,0.65500682,0.854952549,-0.032194113,0.908663335,0.456415037,0.178462806,0.910372011,0.903477275,0.910372011,0.903477275,0.772169365,0.17378598,1.265810821,-0.612489694,0.108033954,0.904047412,0.108033954,0.904047412
SC02_3_S126001_SC02_3_S126001,1.217976294,0.65500682,0.854952549,-0.032194113,0.908663335,0.456415037,0.178462806,0.910372011,0.903477275,0.910372011,0.903477275,0.772169365,0.17378598,1.265810821,-0.612489694,0.108033954,0.904047412,0.108033954,0.904047412
SC03_3_S137001_SC03_3_S137001,1.217976294,0.65500682,0.854952549,-0.032194113,0.908663335,0.456415037,0.178462806,0.910372011,0.903477275,0.910372011,0.903477275,0.772169365,0.17378598,1.265810821,-0.612489694,0.108033954,0.904047412,0.108033954,0.904047412
SC04_4_S149001_SC04_4_S149001,1.217976294,0.65500682,0.854952549,-0.032194113,0.908663335,0.456415037,0.178462806,0.910372011,0.903477275,0.910372011,0.903477275,0.772169365,0.17378598,1.265810821,-0.612489694,0.108033954,0.904047412,0.108033954,0.904047412
SC06_4_S171001_SC06_4_S171001,1.217976294,0.65500682,0.854952549,-0.032194113,0.908663335,0.456415037,0.178462806,0.910372011,0.903477275,0.910372011,0.903477275,0.772169365,0.17378598,1.265810821,-0.612489694,0.108033954,0.904047412,0.108033954,0.904047412
SC07_4_S181001_SC07_4_S181001,1.217976294,0.65500682,0.854952549,-0.032194113,0.908663335,0.456415037,0.178462806,0.910372011,0.903477275,0.910372011,0.903477275,0.772169365,0.17378598,1.265810821,-0.612489694,0.108033954,0.904047412,0.108033954,0.904047412
SC12_4_S115001_SC12_4_S115001,1.217976294,0.65500682,0.854952549,-0.032194113,0.908663335,0.456415037,0.178462806,0.910372011,0.903477275,0.910372011,0.903477275,0.772169365,0.17378598,1.265810821,-0.612489694,0.108033954,0.904047412,0.108033954,0.904047412
SC13_4_S127001_SC13_4_S127001,1.217976294,0.65500682,0.854952549,-0.032194113,0.908663335,0.456415037,0.178462806,0.910372011,0.903477275,0.910372011,0.903477275,0.772169365,0.17378598,1.265810821,-0.612489694,0.108033954,0.904047412,0.108033954,0.904047412
SC14_3_S138001_SC14_3_S138001,1.217976294,0.65500682,0.854952549,-0.032194113,0.908663335,0.456415037,0.178462806,0.910372011,0.903477275,0.910372011,0.903477275,0.772169365,0.17378598,1.265810821,-0.612489694,0.108033954,0.904047412,0.108033954,0.904047412
SC15_4_S150001_SC15_4_S150001,1.217976294,0.65500682,0.854952549,-0.032194113,0.908663335,0.456415037,0.178462806,0.910372011,0.903477275,0.910372011,0.903477275,0.772169365,0.17378598,1.265810821,-0.612489694,0.108033954,0.904047412,0.108033954,0.904047412
SC18_3_S172001_SC18_3_S172001,1.217976294,0.65500682,0.854952549,-0.032194113,0.908663335,0.456415037,0.178462806,0.910372011,0.903477275,0.910372011,0.903477275,0.772169365,0.17378598,1.265810821,-0.612489694,0.108033954,0.904047412,0.108033954,0.904047412
SL01_4_S189001_SL01_4_S189001,-0.612612664,0.666238952,0.536228168,0.632509711,0.044052078,-0.793164785,0.644497713,-0.307713588,-0.959361237,-0.307713588,-0.959361237,-0.703465708,0.705366623,-0.892292873,0.872793137,0.864271631,-0.874726955,0.864271631,-0.874726955
SL04_4_S201001_SL04_4_S201001,-0.612612664,0.666238952,0.536228168,0.632509711,0.044052078,-0.793164785,0.644497713,-0.307713588,-0.959361237,-0.307713588,-0.959361237,-0.703465708,0.705366623,-0.892292873,0.872793137,0.864271631,-0.874726955,0.864271631,-0.874726955
SL07_4_S235001_SL07_4_S235001,-0.612612664,0.666238952,0.536228168,0.632509711,0.044052078,-0.793164785,0.644497713,-0.307713588,-0.959361237,-0.307713588,-0.959361237,-0.703465708,0.705366623,-0.892292873,0.872793137,0.864271631,-0.874726955,0.864271631,-0.874726955
SL08_4_S246001_SL08_4_S246001,-0.612612664,0.666238952,0.536228168,0.632509711,0.044052078,-0.793164785,0.644497713,-0.307713588,-0.959361237,-0.307713588,-0.959361237,-0.703465708,0.705366623,-0.892292873,0.872793137,0.864271631,-0.874726955,0.864271631,-0.874726955
SL10_4_S267001_SL10_4_S267001,-0.612612664,0.666238952,0.536228168,0.632509711,0.044052078,-0.793164785,0.644497713,-0.307713588,-0.959361237,-0.307713588,-0.959361237,-0.703465708,0.705366623,-0.892292873,0.872793137,0.864271631,-0.874726955,0.864271631,-0.874726955
SL10_4_S58001_SL10_4_S58001,-0.612612664,0.666238952,0.536228168,0.632509711,0.044052078,-0.793164785,0.644497713,-0.307713588,-0.959361237,-0.307713588,-0.959361237,-0.703465708,0.705366623,-0.892292873,0.872793137,0.864271631,-0.874726955,0.864271631,-0.874726955
SL11_4_S190001_SL11_4_S190001,-0.612612664,0.666238952,0.536228168,0.632509711,0.044052078,-0.793164785,0.644497713,-0.307713588,-0.959361237,-0.307713588,-0.959361237,-0.703465708,0.705366623,-0.892292873,0.872793137,0.864271631,-0.874726955,0.864271631,-0.874726955
SL12_4_S202001_SL12_4_S202001,-0.612612664,0.666238952,0.536228168,0.632509711,0.044052078,-0.793164785,0.644497713,-0.307713588,-0.959361237,-0.307713588,-0.959361237,-0.703465708,0.705366623,-0.892292873,0.872793137,0.864271631,-0.874726955,0.864271631,-0.874726955
SL13_4_S213001_SL13_4_S213001,-0.612612664,0.666238952,0.536228168,0.632509711,0.044052078,-0.793164785,0.644497713,-0.307713588,-0.959361237,-0.307713588,-0.959361237,-0.703465708,0.705366623,-0.892292873,0.872793137,0.864271631,-0.874726955,0.864271631,-0.874726955
SL14_4_S224001_SL14_4_S224001,-0.612612664,0.666238952,0.536228168,0.632509711,0.044052078,-0.793164785,0.644497713,-0.307713588,-0.959361237,-0.307713588,-0.959361237,-0.703465708,0.705366623,-0.892292873,0.872793137,0.864271631,-0.874726955,0.864271631,-0.874726955
SL15_4_S236001_SL15_4_S236001,-0.612612664,0.666238952,0.536228168,0.632509711,0.044052078,-0.793164785,0.644497713,-0.307713588,-0.959361237,-0.307713588,-0.959361237,-0.703465708,0.705366623,-0.892292873,0.872793137,0.864271631,-0.874726955,0.864271631,-0.874726955
SL17_4_S257001_SL17_4_S257001,-0.612612664,0.666238952,0.536228168,0.632509711,0.044052078,-0.793164785,0.644497713,-0.307713588,-0.959361237,-0.307713588,-0.959361237,-0.703465708,0.705366623,-0.892292873,0.872793137,0.864271631,-0.874726955,0.864271631,-0.874726955
SL18_4_S268001_SL18_4_S268001,-0.612612664,0.666238952,0.536228168,0.632509711,0.044052078,-0.793164785,0.644497713,-0.307713588,-0.959361237,-0.307713588,-0.959361237,-0.703465708,0.705366623,-0.892292873,0.872793137,0.864271631,-0.874726955,0.864271631,-0.874726955
SS01_4_S288001_SS01_4_S288001,0.453999631,0.68910315,0.219434241,1.2697704,0.890833764,-0.796127607,1.144835157,0.872058206,-0.53641809,0.872058206,-0.53641809,-0.586968202,1.236947267,-1.431818797,0.984618306,1.188373493,-1.255892891,1.188373493,-1.255892891
SS02_4_S299001_SS02_4_S299001,0.453999631,0.68910315,0.219434241,1.2697704,0.890833764,-0.796127607,1.144835157,0.872058206,-0.53641809,0.872058206,-0.53641809,-0.586968202,1.236947267,-1.431818797,0.984618306,1.188373493,-1.255892891,1.188373493,-1.255892891
SS03_3_S311001_SS03_3_S311001,0.453999631,0.68910315,0.219434241,1.2697704,0.890833764,-0.796127607,1.144835157,0.872058206,-0.53641809,0.872058206,-0.53641809,-0.586968202,1.236947267,-1.431818797,0.984618306,1.188373493,-1.255892891,1.188373493,-1.255892891
SS04_4_S323001_SS04_4_S323001,0.453999631,0.68910315,0.219434241,1.2697704,0.890833764,-0.796127607,1.144835157,0.872058206,-0.53641809,0.872058206,-0.53641809,-0.586968202,1.236947267,-1.431818797,0.984618306,1.188373493,-1.255892891,1.188373493,-1.255892891
SS05_4_S335001_SS05_4_S335001,0.453999631,0.68910315,0.219434241,1.2697704,0.890833764,-0.796127607,1.144835157,0.872058206,-0.53641809,0.872058206,-0.53641809,-0.586968202,1.236947267,-1.431818797,0.984618306,1.188373493,-1.255892891,1.188373493,-1.255892891
SS06_4_S346001_SS06_4_S346001,0.453999631,0.68910315,0.219434241,1.2697704,0.890833764,-0.796127607,1.144835157,0.872058206,-0.53641809,0.872058206,-0.53641809,-0.586968202,1.236947267,-1.431818797,0.984618306,1.188373493,-1.255892891,1.188373493,-1.255892891
SS07_4_S358001_SS07_4_S358001,0.453999631,0.68910315,0.219434241,1.2697704,0.890833764,-0.796127607,1.144835157,0.872058206,-0.53641809,0.872058206,-0.53641809,-0.586968202,1.236947267,-1.431818797,0.984618306,1.188373493,-1.255892891,1.188373493,-1.255892891
SS08_4_S279001_SS08_4_S279001,0.453999631,0.68910315,0.219434241,1.2697704,0.890833764,-0.796127607,1.144835157,0.872058206,-0.53641809,0.872058206,-0.53641809,-0.586968202,1.236947267,-1.431818797,0.984618306,1.188373493,-1.255892891,1.188373493,-1.255892891
SS09_3_S289001_SS09_3_S289001,0.453999631,0.68910315,0.219434241,1.2697704,0.890833764,-0.796127607,1.144835157,0.872058206,-0.53641809,0.872058206,-0.53641809,-0.586968202,1.236947267,-1.431818797,0.984618306,1.188373493,-1.255892891,1.188373493,-1.255892891
SS10_4_S300001_SS10_4_S300001,0.453999631,0.68910315,0.219434241,1.2697704,0.890833764,-0.796127607,1.144835157,0.872058206,-0.53641809,0.872058206,-0.53641809,-0.586968202,1.236947267,-1.431818797,0.984618306,1.188373493,-1.255892891,1.188373493,-1.255892891
SS11_3_S312001_SS11_3_S312001,0.453999631,0.68910315,0.219434241,1.2697704,0.890833764,-0.796127607,1.144835157,0.872058206,-0.53641809,0.872058206,-0.53641809,-0.586968202,1.236947267,-1.431818797,0.984618306,1.188373493,-1.255892891,1.188373493,-1.255892891
SS12_4_S324001_SS12_4_S324001,0.453999631,0.68910315,0.219434241,1.2697704,0.890833764,-0.796127607,1.144835157,0.872058206,-0.53641809,0.872058206,-0.53641809,-0.586968202,1.236947267,-1.431818797,0.984618306,1.188373493,-1.255892891,1.188373493,-1.255892891
SS13_3_S336001_SS13_3_S336001,0.453999631,0.68910315,0.219434241,1.2697704,0.890833764,-0.796127607,1.144835157,0.872058206,-0.53641809,0.872058206,-0.53641809,-0.586968202,1.236947267,-1.431818797,0.984618306,1.188373493,-1.255892891,1.188373493,-1.255892891
SS17_4_S347001_SS17_4_S347001,0.453999631,0.68910315,0.219434241,1.2697704,0.890833764,-0.796127607,1.144835157,0.872058206,-0.53641809,0.872058206,-0.53641809,-0.586968202,1.236947267,-1.431818797,0.984618306,1.188373493,-1.255892891,1.188373493,-1.255892891
SS18_3_S359001_SS18_3_S359001,0.453999631,0.68910315,0.219434241,1.2697704,0.890833764,-0.796127607,1.144835157,0.872058206,-0.53641809,0.872058206,-0.53641809,-0.586968202,1.236947267,-1.431818797,0.984618306,1.188373493,-1.255892891,1.188373493,-1.255892891
ST01_4_S42001_ST01_4_S42001,-0.121844607,-0.819176615,-0.841277947,-0.157789169,-0.288374017,0.452085556,-0.52218428,-0.100086357,0.055616798,-0.100086357,0.055616798,0.849834369,-0.092004342,0.726284897,-0.286530403,0.324101862,0.268770852,0.324101862,0.268770852
ST04_4_S54001_ST04_4_S54001,-0.121844607,-0.819176615,-0.841277947,-0.157789169,-0.288374017,0.452085556,-0.52218428,-0.100086357,0.055616798,-0.100086357,0.055616798,0.849834369,-0.092004342,0.726284897,-0.286530403,0.324101862,0.268770852,0.324101862,0.268770852
ST05_4_S66001_ST05_4_S66001,-0.121844607,-0.819176615,-0.841277947,-0.157789169,-0.288374017,0.452085556,-0.52218428,-0.100086357,0.055616798,-0.100086357,0.055616798,0.849834369,-0.092004342,0.726284897,-0.286530403,0.324101862,0.268770852,0.324101862,0.268770852
ST06_4_S78001_ST06_4_S78001,-0.121844607,-0.819176615,-0.841277947,-0.157789169,-0.288374017,0.452085556,-0.52218428,-0.100086357,0.055616798,-0.100086357,0.055616798,0.849834369,-0.092004342,0.726284897,-0.286530403,0.324101862,0.268770852,0.324101862,0.268770852
ST07_4_S89001_ST07_4_S89001,-0.121844607,-0.819176615,-0.841277947,-0.157789169,-0.288374017,0.452085556,-0.52218428,-0.100086357,0.055616798,-0.100086357,0.055616798,0.849834369,-0.092004342,0.726284897,-0.286530403,0.324101862,0.268770852,0.324101862,0.268770852
ST08_4_S8001_ST08_4_S8001,-0.121844607,-0.819176615,-0.841277947,-0.157789169,-0.288374017,0.452085556,-0.52218428,-0.100086357,0.055616798,-0.100086357,0.055616798,0.849834369,-0.092004342,0.726284897,-0.286530403,0.324101862,0.268770852,0.324101862,0.268770852
ST09_4_S19001_ST09_4_S19001,-0.121844607,-0.819176615,-0.841277947,-0.157789169,-0.288374017,0.452085556,-0.52218428,-0.100086357,0.055616798,-0.100086357,0.055616798,0.849834369,-0.092004342,0.726284897,-0.286530403,0.324101862,0.268770852,0.324101862,0.268770852
ST10_4_S31001_ST10_4_S31001,-0.121844607,-0.819176615,-0.841277947,-0.157789169,-0.288374017,0.452085556,-0.52218428,-0.100086357,0.055616798,-0.100086357,0.055616798,0.849834369,-0.092004342,0.726284897,-0.286530403,0.324101862,0.268770852,0.324101862,0.268770852
ST11_4_S43001_ST11_4_S43001,-0.121844607,-0.819176615,-0.841277947,-0.157789169,-0.288374017,0.452085556,-0.52218428,-0.100086357,0.055616798,-0.100086357,0.055616798,0.849834369,-0.092004342,0.726284897,-0.286530403,0.324101862,0.268770852,0.324101862,0.268770852
ST12_4_S55001_ST12_4_S55001,-0.121844607,-0.819176615,-0.841277947,-0.157789169,-0.288374017,0.452085556,-0.52218428,-0.100086357,0.055616798,-0.100086357,0.055616798,0.849834369,-0.092004342,0.726284897,-0.286530403,0.324101862,0.268770852,0.324101862,0.268770852
ST13_4_S67001_ST13_4_S67001,-0.121844607,-0.819176615,-0.841277947,-0.157789169,-0.288374017,0.452085556,-0.52218428,-0.100086357,0.055616798,-0.100086357,0.055616798,0.849834369,-0.092004342,0.726284897,-0.286530403,0.324101862,0.268770852,0.324101862,0.268770852
ST14_4_S79001_ST14_4_S79001,-0.121844607,-0.819176615,-0.841277947,-0.157789169,-0.288374017,0.452085556,-0.52218428,-0.100086357,0.055616798,-0.100086357,0.055616798,0.849834369,-0.092004342,0.726284897,-0.286530403,0.324101862,0.268770852,0.324101862,0.268770852
TG02_3_S81001_TG02_3_S81001,-1.570270103,0.08569083,0.751325124,-1.22386961,-1.751656135,-0.252584976,-0.833228602,-1.852532951,-0.420487895,-1.852532951,-0.420487895,0.228514338,-1.686746273,0.726284897,-1.331789249,-1.836577217,1.412268659,-1.836577217,1.412268659
TG03_3_S92001_TG03_3_S92001,-1.570270103,0.08569083,0.751325124,-1.22386961,-1.751656135,-0.252584976,-0.833228602,-1.852532951,-0.420487895,-1.852532951,-0.420487895,0.228514338,-1.686746273,0.726284897,-1.331789249,-1.836577217,1.412268659,-1.836577217,1.412268659
TG07_3_S22001_TG07_3_S22001,-1.570270103,0.08569083,0.751325124,-1.22386961,-1.751656135,-0.252584976,-0.833228602,-1.852532951,-0.420487895,-1.852532951,-0.420487895,0.228514338,-1.686746273,0.726284897,-1.331789249,-1.836577217,1.412268659,-1.836577217,1.412268659
TG08_3_S34001_TG08_3_S34001,-1.570270103,0.08569083,0.751325124,-1.22386961,-1.751656135,-0.252584976,-0.833228602,-1.852532951,-0.420487895,-1.852532951,-0.420487895,0.228514338,-1.686746273,0.726284897,-1.331789249,-1.836577217,1.412268659,-1.836577217,1.412268659
TG09_3_S46001_TG09_3_S46001,-1.570270103,0.08569083,0.751325124,-1.22386961,-1.751656135,-0.252584976,-0.833228602,-1.852532951,-0.420487895,-1.852532951,-0.420487895,0.228514338,-1.686746273,0.726284897,-1.331789249,-1.836577217,1.412268659,-1.836577217,1.412268659
TG10_3_S58001_TG10_3_S58001,-1.570270103,0.08569083,0.751325124,-1.22386961,-1.751656135,-0.252584976,-0.833228602,-1.852532951,-0.420487895,-1.852532951,-0.420487895,0.228514338,-1.686746273,0.726284897,-1.331789249,-1.836577217,1.412268659,-1.836577217,1.412268659
TG13_3_S70001_TG13_3_S70001,-1.570270103,0.08569083,0.751325124,-1.22386961,-1.751656135,-0.252584976,-0.833228602,-1.852532951,-0.420487895,-1.852532951,-0.420487895,0.228514338,-1.686746273,0.726284897,-1.331789249,-1.836577217,1.412268659,-1.836577217,1.412268659
TG15_3_S93001_TG15_3_S93001,-1.570270103,0.08569083,0.751325124,-1.22386961,-1.751656135,-0.252584976,-0.833228602,-1.852532951,-0.420487895,-1.852532951,-0.420487895,0.228514338,-1.686746273,0.726284897,-1.331789249,-1.836577217,1.412268659,-1.836577217,1.412268659
TG17_3_S11001_TG17_3_S11001,-1.570270103,0.08569083,0.751325124,-1.22386961,-1.751656135,-0.252584976,-0.833228602,-1.852532951,-0.420487895,-1.852532951,-0.420487895,0.228514338,-1.686746273,0.726284897,-1.331789249,-1.836577217,1.412268659,-1.836577217,1.412268659
TG18_3_S23001_TG18_3_S23001,-1.570270103,0.08569083,0.751325124,-1.22386961,-1.751656135,-0.252584976,-0.833228602,-1.852532951,-0.420487895,-1.852532951,-0.420487895,0.228514338,-1.686746273,0.726284897,-1.331789249,-1.836577217,1.412268659,-1.836577217,1.412268659